url_length,url_entropy,url_digit_ratio,url_special_ratio,has_https,has_ip,domain_length,domain_entropy,num_subdomains,domain_digit_ratio,num_hyphens,num_underscores,suspicious_tld,domain_has_vowels,path_length,num_path_segments,path_entropy,has_exe,query_length,num_query_params,query_entropy,ttl_normalized,name_server_count,domain_age_days,has_page_rank,has_alexa_rank,has_organization,has_registrant,is_shortened,has_punycode,obfuscated,label,source
0,0.0,0.0,0.0,0.0,0.0,0,0.0,0,0.0,0,0,0.0,0.0,0,0,0.0,0.0,0,0,0.0,0.0,0.0,0.0,0.0,0.0,1.0,1.0,0.0,0.0,0.0,1,csv_phishing
13,3.0269868333592873,0.0,0.46153846153846156,0.0,0.0,5,1.9219280948873623,0,0.0,0,0,0.0,1.0,0,0,0.0,0.0,0,0,0.0,0.0,0.0,0.0,0.0,0.0,1.0,1.0,0.0,0.0,0.0,1,csv_phishing
13,3.0269868333592873,0.0,0.46153846153846156,0.0,0.0,5,1.9219280948873623,0,0.0,0,0,0.0,1.0,0,0,0.0,0.0,0,0,0.0,0.0,0.0,0.0,0.0,0.0,0.0,0.0,0.0,0.0,0.0,1,csv_phishing
28,3.842370993177109,0.0,0.17857142857142858,0.0,0.0,20,3.3086949695628416,0,0.0,0,0,0.0,1.0,0,0,0.0,0.0,0,0,0.0,0.0,0.0,0.0,0.0,0.0,0.0,0.0,0.0,0.0,0.0,1,csv_phishing
13,3.0269868333592873,0.0,0.46153846153846156,0.0,0.0,5,1.9219280948873623,0,0.0,0,0,0.0,1.0,0,0,0.0,0.0,0,0,0.0,0.0,0.0,0.0,0.0,0.0,0.0,0.0,0.0,0.0,0.0,1,csv_phishing
13,2.8731406795131336,0.0,0.46153846153846156,0.0,0.0,5,1.5219280948873621,0,0.0,0,0,0.0,1.0,0,0,0.0,0.0,0,0,0.0,0.0,0.0,0.0,0.0,0.0,1.0,0.0,0.0,0.0,0.0,1,csv_phishing
27,3.6339740759971577,0.5185185185185185,0.3333333333333333,0.0,0.0,19,3.1555650133297184,0,0.7368421052631579,2,0,0.0,0.0,0,0,0.0,0.0,0,0,0.0,0.0,0.0,0.0,0.0,0.0,0.0,0.0,0.0,0.0,0.0,1,csv_phishing
13,3.0269868333592873,0.0,0.46153846153846156,0.0,0.0,5,1.9219280948873623,0,0.0,0,0,0.0,1.0,0,0,0.0,0.0,0,0,0.0,0.0,0.0,0.0,0.0,0.0,0.0,0.0,0.0,0.0,0.0,1,csv_phishing
13,2.5654483718208256,0.0,0.46153846153846156,0.0,0.0,5,1.5219280948873621,0,0.0,0,0,0.0,1.0,0,0,0.0,0.0,0,0,0.0,0.0,0.0,0.0,0.0,0.0,0.0,0.0,0.0,0.0,0.0,1,csv_phishing
25,4.023465189601646,0.12,0.2,0.0,0.0,17,3.572469458770136,0,0.17647058823529413,0,0,0.0,1.0,0,0,0.0,0.0,0,0,0.0,0.0,0.0,0.0,0.0,0.0,0.0,0.0,0.0,0.0,0.0,1,csv_phishing
27,3.6023165585055525,0.5185185185185185,0.3333333333333333,0.0,0.0,19,3.1105780147890156,0,0.7368421052631579,2,0,0.0,0.0,0,0,0.0,0.0,0,0,0.0,0.0,0.0,0.0,0.0,0.0,0.0,0.0,0.0,0.0,0.0,1,csv_phishing
13,2.8150724101159437,0.0,0.46153846153846156,0.0,0.0,5,1.9219280948873623,0,0.0,0,0,0.0,1.0,0,0,0.0,0.0,0,0,0.0,0.0,0.0,0.0,0.0,0.0,0.0,0.0,0.0,0.0,0.0,1,csv_phishing
13,3.0269868333592873,0.0,0.46153846153846156,0.0,0.0,5,1.9219280948873623,0,0.0,0,0,0.0,1.0,0,0,0.0,0.0,0,0,0.0,0.0,0.0,0.0,0.0,0.0,1.0,1.0,0.0,0.0,0.0,1,csv_phishing
10,2.6464393446710153,0.2,0.4,0.0,0.0,2,1.0,0,1.0,0,0,0.0,0.0,0,0,0.0,0.0,0,0,0.0,0.0,0.0,0.0,0.0,0.0,1.0,1.0,0.0,0.0,0.0,1,csv_phishing
13,3.0269868333592873,0.0,0.46153846153846156,0.0,0.0,5,1.9219280948873623,0,0.0,0,0,0.0,1.0,0,0,0.0,0.0,0,0,0.0,0.0,0.0,0.0,0.0,0.0,0.0,0.0,0.0,0.0,0.0,1,csv_phishing
13,3.0269868333592873,0.0,0.46153846153846156,0.0,0.0,5,1.9219280948873623,0,0.0,0,0,0.0,1.0,0,0,0.0,0.0,0,0,0.0,0.0,0.0,0.0,0.0,0.0,0.0,0.0,0.0,0.0,0.0,1,csv_phishing
13,2.5654483718208256,0.0,0.46153846153846156,0.0,0.0,5,1.5219280948873621,0,0.0,0,0,0.0,1.0,0,0,0.0,0.0,0,0,0.0,0.0,0.0,0.0,0.0,0.0,0.0,0.0,0.0,0.0,0.0,1,csv_phishing
13,3.0269868333592873,0.0,0.46153846153846156,0.0,0.0,5,1.9219280948873623,0,0.0,0,0,0.0,1.0,0,0,0.0,0.0,0,0,0.0,0.0,0.0,0.0,0.0,0.0,0.0,0.0,0.0,0.0,0.0,1,csv_phishing
13,3.0269868333592873,0.0,0.46153846153846156,0.0,0.0,5,1.9219280948873623,0,0.0,0,0,0.0,1.0,0,0,0.0,0.0,0,0,0.0,0.0,0.0,0.0,0.0,0.0,0.0,0.0,0.0,0.0,0.0,1,csv_phishing
13,2.8150724101159437,0.0,0.46153846153846156,0.0,0.0,5,1.9219280948873623,0,0.0,0,0,0.0,1.0,0,0,0.0,0.0,0,0,0.0,0.0,0.0,0.0,0.0,0.0,0.0,0.0,0.0,0.0,0.0,1,csv_phishing
37,3.951904040953793,0.0,0.24324324324324326,0.0,0.0,29,3.7714370294611266,1,0.0,0,0,0.0,1.0,0,0,0.0,0.0,0,0,0.0,0.0,0.0,0.0,0.0,0.0,1.0,1.0,0.0,0.0,0.0,1,csv_phishing
49,4.459012079154174,0.0,0.20408163265306123,0.0,0.0,41,4.308294687333842,1,0.0,1,0,0.0,1.0,0,0,0.0,0.0,0,0,0.0,0.00028935185185185184,0.0,0.0,0.0,0.0,1.0,1.0,0.0,0.0,0.0,1,csv_phishing
13,2.873140679513133,0.0,0.46153846153846156,0.0,0.0,5,1.9219280948873623,0,0.0,0,0,0.0,1.0,0,0,0.0,0.0,0,0,0.0,0.0,0.0,0.0,0.0,0.0,1.0,0.0,0.0,0.0,0.0,1,csv_phishing
13,2.8150724101159437,0.0,0.46153846153846156,0.0,0.0,5,1.9219280948873623,0,0.0,0,0,0.0,0.0,0,0,0.0,0.0,0,0,0.0,0.0,0.0,0.0,0.0,0.0,0.0,0.0,0.0,0.0,0.0,1,csv_phishing
13,2.873140679513133,0.0,0.46153846153846156,0.0,0.0,5,1.9219280948873623,0,0.0,0,0,0.0,1.0,0,0,0.0,0.0,0,0,0.0,0.0,0.0,0.0,0.0,0.0,0.0,0.0,0.0,0.0,0.0,1,csv_phishing
13,2.873140679513133,0.0,0.46153846153846156,0.0,0.0,5,1.9219280948873623,0,0.0,0,0,0.0,1.0,0,0,0.0,0.0,0,0,0.0,0.0,0.0,0.0,0.0,0.0,0.0,0.0,0.0,0.0,0.0,1,csv_phishing
9,2.4193819456463714,0.1111111111111111,0.4444444444444444,0.0,0.0,1,0.0,0,1.0,0,0,0.0,0.0,0,0,0.0,0.0,0,0,0.0,-1.1574074074074073e-05,0.0,0.0,0.0,0.0,1.0,1.0,0.0,0.0,0.0,1,csv_phishing
28,4.012188403968661,0.0,0.17857142857142858,0.0,0.0,20,3.546439344671015,0,0.0,0,0,0.0,1.0,0,0,0.0,0.0,0,0,0.0,0.0,0.0,0.0,0.0,0.0,0.0,0.0,0.0,0.0,0.0,1,csv_phishing
12,3.0220552088742,0.16666666666666666,0.5,0.0,0.0,4,2.0,1,0.5,1,0,0.0,0.0,0,0,0.0,0.0,0,0,0.0,0.0,0.0,0.0,0.0,0.0,1.0,1.0,0.0,0.0,0.0,1,csv_phishing
13,2.66122625626979,0.0,0.46153846153846156,0.0,0.0,5,1.5219280948873621,0,0.0,0,0,0.0,1.0,0,0,0.0,0.0,0,0,0.0,0.0,0.0,0.0,0.0,0.0,0.0,0.0,0.0,0.0,0.0,1,csv_phishing
13,3.0269868333592873,0.0,0.46153846153846156,0.0,0.0,5,1.9219280948873623,0,0.0,0,0,0.0,1.0,0,0,0.0,0.0,0,0,0.0,0.0,0.0,0.0,0.0,0.0,0.0,0.0,0.0,0.0,0.0,1,csv_phishing
27,3.736006946447657,0.5185185185185185,0.3333333333333333,0.0,0.0,19,3.3005590923909534,0,0.7368421052631579,2,0,0.0,0.0,0,0,0.0,0.0,0,0,0.0,0.0,0.0,0.0,0.0,0.0,0.0,0.0,0.0,0.0,0.0,1,csv_phishing
29,4.1852301329094015,0.0,0.3103448275862069,0.0,0.0,21,3.9754180179138325,1,0.0,1,0,0.0,1.0,0,0,0.0,0.0,0,0,0.0,0.0,0.0,0.0,0.0,0.0,0.0,0.0,0.0,0.0,0.0,1,csv_phishing
27,3.6302753548819773,0.0,0.18518518518518517,0.0,0.0,19,3.260828171224455,0,0.0,0,0,0.0,1.0,0,0,0.0,0.0,0,0,0.0,0.0,0.0,0.0,0.0,0.0,0.0,0.0,0.0,0.0,0.0,1,csv_phishing
27,3.648431836203202,0.5185185185185185,0.3333333333333333,0.0,0.0,19,3.176110251517254,0,0.7368421052631579,2,0,0.0,0.0,0,0,0.0,0.0,0,0,0.0,0.0,0.0,0.0,0.0,0.0,0.0,0.0,0.0,0.0,0.0,1,csv_phishing
13,2.873140679513133,0.0,0.46153846153846156,0.0,0.0,5,1.9219280948873623,0,0.0,0,0,0.0,0.0,0,0,0.0,0.0,0,0,0.0,0.0,0.0,0.0,0.0,0.0,0.0,0.0,0.0,0.0,0.0,1,csv_phishing
14,2.8423709931771093,0.0,0.5,0.0,0.0,6,1.9182958340544893,0,0.0,0,0,0.0,1.0,0,0,0.0,0.0,0,0,0.0,0.0,0.0,0.0,0.0,0.0,0.0,0.0,0.0,0.0,0.0,1,csv_phishing
27,3.6619328723735824,0.5185185185185185,0.3333333333333333,0.0,0.0,19,3.1952959344962166,0,0.7368421052631579,2,0,0.0,0.0,0,0,0.0,0.0,0,0,0.0,0.0,0.0,0.0,0.0,0.0,0.0,0.0,0.0,0.0,0.0,1,csv_phishing
27,3.4541684103574046,0.5185185185185185,0.3333333333333333,0.0,0.0,19,2.900051698999542,0,0.7368421052631579,2,0,0.0,0.0,0,0,0.0,0.0,0,0,0.0,0.0,0.0,0.0,0.0,0.0,0.0,0.0,0.0,0.0,0.0,1,csv_phishing
13,3.0269868333592873,0.0,0.46153846153846156,0.0,0.0,5,1.9219280948873623,0,0.0,0,0,0.0,1.0,0,0,0.0,0.0,0,0,0.0,0.0,0.0,0.0,0.0,0.0,0.0,0.0,0.0,0.0,0.0,1,csv_phishing
27,3.6339740759971577,0.5185185185185185,0.3333333333333333,0.0,0.0,19,3.1555650133297184,0,0.7368421052631579,2,0,0.0,0.0,0,0,0.0,0.0,0,0,0.0,0.0,0.0,0.0,0.0,0.0,0.0,0.0,0.0,0.0,0.0,1,csv_phishing
13,2.873140679513133,0.0,0.46153846153846156,0.0,0.0,5,1.9219280948873623,0,0.0,0,0,0.0,0.0,0,0,0.0,0.0,0,0,0.0,0.0,0.0,0.0,0.0,0.0,0.0,0.0,0.0,0.0,0.0,1,csv_phishing
13,2.8731406795131336,0.0,0.46153846153846156,0.0,0.0,5,1.5219280948873621,0,0.0,0,0,0.0,1.0,0,0,0.0,0.0,0,0,0.0,0.0,0.0,0.0,0.0,0.0,0.0,0.0,0.0,0.0,0.0,1,csv_phishing
13,3.0269868333592873,0.0,0.46153846153846156,0.0,0.0,5,1.9219280948873623,0,0.0,0,0,0.0,1.0,0,0,0.0,0.0,0,0,0.0,0.0,0.0,0.0,0.0,0.0,0.0,0.0,0.0,0.0,0.0,1,csv_phishing
13,3.0269868333592873,0.0,0.46153846153846156,0.0,0.0,5,1.9219280948873623,0,0.0,0,0,0.0,1.0,0,0,0.0,0.0,0,0,0.0,0.0,0.0,0.0,0.0,0.0,0.0,0.0,0.0,0.0,0.0,1,csv_phishing
13,3.0269868333592873,0.0,0.46153846153846156,0.0,0.0,5,1.9219280948873623,0,0.0,0,0,0.0,1.0,0,0,0.0,0.0,0,0,0.0,0.0,0.0,0.0,0.0,0.0,1.0,0.0,0.0,0.0,0.0,1,csv_phishing
13,2.8731406795131336,0.0,0.46153846153846156,0.0,0.0,5,1.5219280948873621,0,0.0,0,0,0.0,1.0,0,0,0.0,0.0,0,0,0.0,0.0,0.0,0.0,0.0,0.0,1.0,0.0,0.0,0.0,0.0,1,csv_phishing
28,3.7264741182543752,0.0,0.17857142857142858,0.0,0.0,20,3.1464393446710153,0,0.0,0,0,0.0,1.0,0,0,0.0,0.0,0,0,0.0,0.0,0.0,0.0,0.0,0.0,0.0,0.0,0.0,0.0,0.0,1,csv_phishing
13,2.873140679513133,0.0,0.46153846153846156,0.0,0.0,5,1.9219280948873623,0,0.0,0,0,0.0,1.0,0,0,0.0,0.0,0,0,0.0,0.0,0.0,0.0,0.0,0.0,0.0,0.0,0.0,0.0,0.0,1,csv_phishing
13,3.0269868333592873,0.0,0.5384615384615384,0.0,0.0,5,1.9219280948873623,0,0.0,1,0,0.0,1.0,0,0,0.0,0.0,0,0,0.0,0.0,0.0,0.0,0.0,0.0,0.0,0.0,0.0,0.0,0.0,1,csv_phishing
14,3.039148671903071,0.0,0.5,0.0,0.0,6,1.9182958340544893,0,0.0,0,0,0.0,1.0,0,0,0.0,0.0,0,0,0.0,0.0,0.0,0.0,0.0,0.0,1.0,1.0,0.0,0.0,0.0,1,csv_phishing
13,3.0269868333592873,0.0,0.46153846153846156,0.0,0.0,5,1.9219280948873623,0,0.0,0,0,0.0,0.0,0,0,0.0,0.0,0,0,0.0,0.0,0.0,0.0,0.0,0.0,0.0,0.0,0.0,0.0,0.0,1,csv_phishing
25,4.023465189601646,0.0,0.24,0.0,0.0,17,3.572469458770136,0,0.0,0,0,0.0,1.0,0,0,0.0,0.0,0,0,0.0,0.0002546296296296296,0.0,0.0,0.0,0.0,1.0,1.0,0.0,0.0,0.0,1,csv_phishing
13,2.873140679513133,0.0,0.46153846153846156,0.0,0.0,5,1.9219280948873623,0,0.0,0,0,0.0,1.0,0,0,0.0,0.0,0,0,0.0,0.0,0.0,0.0,0.0,0.0,0.0,0.0,0.0,0.0,0.0,1,csv_phishing
28,4.012188403968661,0.0,0.17857142857142858,0.0,0.0,20,3.5464393446710156,0,0.0,0,0,0.0,1.0,0,0,0.0,0.0,0,0,0.0,0.0,0.0,0.0,0.0,0.0,0.0,0.0,0.0,0.0,0.0,1,csv_phishing
27,3.574357762129128,0.5185185185185185,0.3333333333333333,0.0,0.0,19,3.0708470936225174,0,0.7368421052631579,2,0,0.0,0.0,0,0,0.0,0.0,0,0,0.0,0.0,0.0,0.0,0.0,0.0,0.0,0.0,0.0,0.0,0.0,1,csv_phishing
13,3.0269868333592873,0.0,0.46153846153846156,0.0,0.0,5,1.9219280948873623,0,0.0,0,0,0.0,1.0,0,0,0.0,0.0,0,0,0.0,0.0,0.0,0.0,0.0,0.0,1.0,1.0,0.0,0.0,0.0,1,csv_phishing
13,3.0269868333592873,0.0,0.46153846153846156,0.0,0.0,5,1.9219280948873623,0,0.0,0,0,0.0,1.0,0,0,0.0,0.0,0,0,0.0,0.0,0.0,0.0,0.0,0.0,0.0,0.0,0.0,0.0,0.0,1,csv_phishing
13,3.0269868333592873,0.0,0.46153846153846156,0.0,0.0,5,1.9219280948873623,0,0.0,0,0,0.0,1.0,0,0,0.0,0.0,0,0,0.0,0.0,0.0,0.0,0.0,0.0,1.0,1.0,0.0,0.0,0.0,1,csv_phishing
13,3.0269868333592873,0.0,0.46153846153846156,0.0,0.0,5,1.9219280948873623,0,0.0,0,0,0.0,1.0,0,0,0.0,0.0,0,0,0.0,0.0,0.0,0.0,0.0,0.0,0.0,0.0,0.0,0.0,0.0,1,csv_phishing
31,4.260332600569877,0.0,0.25806451612903225,0.0,0.0,23,3.8820451081368628,1,0.0,0,0,0.0,1.0,0,0,0.0,0.0,0,0,0.0,0.0,0.0,0.0,0.0,0.0,0.0,0.0,0.0,0.0,0.0,1,csv_phishing
13,3.0269868333592873,0.0,0.46153846153846156,0.0,0.0,5,1.9219280948873623,0,0.0,0,0,0.0,1.0,0,0,0.0,0.0,0,0,0.0,0.0,0.0,0.0,0.0,0.0,0.0,0.0,0.0,0.0,0.0,1,csv_phishing
27,3.606015279620733,0.5185185185185185,0.3333333333333333,0.0,0.0,19,3.1158340921632197,0,0.7368421052631579,2,0,0.0,0.0,0,0,0.0,0.0,0,0,0.0,0.0,0.0,0.0,0.0,0.0,0.0,0.0,0.0,0.0,0.0,1,csv_phishing
13,2.8150724101159437,0.0,0.46153846153846156,0.0,0.0,5,1.9219280948873623,0,0.0,0,0,0.0,1.0,0,0,0.0,0.0,0,0,0.0,0.0,0.0,0.0,0.0,0.0,0.0,0.0,0.0,0.0,0.0,1,csv_phishing
13,3.0269868333592873,0.0,0.46153846153846156,0.0,0.0,5,1.9219280948873623,0,0.0,0,0,0.0,1.0,0,0,0.0,0.0,0,0,0.0,0.0,0.0,0.0,0.0,0.0,1.0,0.0,0.0,0.0,0.0,1,csv_phishing
14,2.8962915290459277,0.0,0.5,0.0,0.0,6,2.2516291673878226,0,0.0,0,0,0.0,1.0,0,0,0.0,0.0,0,0,0.0,0.0,0.0,0.0,0.0,0.0,0.0,0.0,0.0,0.0,0.0,1,csv_phishing
13,2.873140679513133,0.0,0.46153846153846156,0.0,0.0,5,1.9219280948873623,0,0.0,0,0,0.0,0.0,0,0,0.0,0.0,0,0,0.0,0.0,0.0,0.0,0.0,0.0,0.0,0.0,0.0,0.0,0.0,1,csv_phishing
13,2.8150724101159437,0.0,0.46153846153846156,0.0,0.0,5,1.9219280948873623,0,0.0,0,0,0.0,1.0,0,0,0.0,0.0,0,0,0.0,0.0,0.0,0.0,0.0,0.0,0.0,0.0,0.0,0.0,0.0,1,csv_phishing
13,2.8150724101159437,0.0,0.46153846153846156,0.0,0.0,5,1.9219280948873623,0,0.0,0,0,0.0,0.0,0,0,0.0,0.0,0,0,0.0,0.0,0.0,0.0,0.0,0.0,1.0,1.0,0.0,0.0,0.0,1,csv_phishing
13,3.0269868333592873,0.0,0.46153846153846156,0.0,0.0,5,1.9219280948873623,0,0.0,0,0,0.0,1.0,0,0,0.0,0.0,0,0,0.0,0.0,0.0,0.0,0.0,0.0,0.0,0.0,0.0,0.0,0.0,1,csv_phishing
13,3.0269868333592873,0.0,0.46153846153846156,0.0,0.0,5,1.9219280948873623,0,0.0,0,0,0.0,1.0,0,0,0.0,0.0,0,0,0.0,0.0,0.0,0.0,0.0,0.0,0.0,0.0,0.0,0.0,0.0,1,csv_phishing
30,4.281727678869736,0.03333333333333333,0.26666666666666666,0.0,0.0,22,3.913977073182751,1,0.045454545454545456,0,0,0.0,1.0,0,0,0.0,0.0,0,0,0.0,0.0,0.0,0.0,0.0,0.0,0.0,0.0,0.0,0.0,0.0,1,csv_phishing
13,3.0269868333592873,0.0,0.46153846153846156,0.0,0.0,5,1.9219280948873623,0,0.0,0,0,0.0,1.0,0,0,0.0,0.0,0,0,0.0,0.0,0.0,0.0,0.0,0.0,0.0,0.0,0.0,0.0,0.0,1,csv_phishing
13,3.0269868333592873,0.0,0.46153846153846156,0.0,0.0,5,1.9219280948873623,0,0.0,0,0,0.0,1.0,0,0,0.0,0.0,0,0,0.0,0.0,0.0,0.0,0.0,0.0,0.0,0.0,0.0,0.0,0.0,1,csv_phishing
13,2.8150724101159437,0.0,0.46153846153846156,0.0,0.0,5,1.9219280948873623,0,0.0,0,0,0.0,1.0,0,0,0.0,0.0,0,0,0.0,0.0,0.0,0.0,0.0,0.0,0.0,0.0,0.0,0.0,0.0,1,csv_phishing
13,2.8150724101159437,0.0,0.46153846153846156,0.0,0.0,5,1.9219280948873623,0,0.0,0,0,0.0,1.0,0,0,0.0,0.0,0,0,0.0,0.0,0.0,0.0,0.0,0.0,0.0,0.0,0.0,0.0,0.0,1,csv_phishing
13,3.0269868333592873,0.0,0.46153846153846156,0.0,0.0,5,1.9219280948873623,0,0.0,0,0,0.0,1.0,0,0,0.0,0.0,0,0,0.0,0.0,0.0,0.0,0.0,0.0,1.0,0.0,0.0,0.0,0.0,1,csv_phishing
13,3.0269868333592873,0.07692307692307693,0.46153846153846156,0.0,0.0,5,1.9219280948873623,0,0.2,0,0,0.0,1.0,0,0,0.0,0.0,0,0,0.0,0.0,0.0,0.0,0.0,0.0,0.0,0.0,0.0,0.0,0.0,1,csv_phishing
13,3.0269868333592873,0.0,0.46153846153846156,0.0,0.0,5,1.9219280948873623,0,0.0,0,0,0.0,1.0,0,0,0.0,0.0,0,0,0.0,0.0,0.0,0.0,0.0,0.0,1.0,0.0,0.0,0.0,0.0,1,csv_phishing
13,3.0269868333592873,0.0,0.46153846153846156,0.0,0.0,5,1.9219280948873623,0,0.0,0,0,0.0,1.0,0,0,0.0,0.0,0,0,0.0,0.0,0.0,0.0,0.0,0.0,1.0,0.0,0.0,0.0,0.0,1,csv_phishing
13,2.8150724101159437,0.0,0.46153846153846156,0.0,0.0,5,1.9219280948873623,0,0.0,0,0,0.0,1.0,0,0,0.0,0.0,0,0,0.0,0.0,0.0,0.0,0.0,0.0,0.0,0.0,0.0,0.0,0.0,1,csv_phishing
14,3.182005814760214,0.0,0.5,0.0,0.0,6,2.2516291673878226,0,0.0,0,0,0.0,1.0,0,0,0.0,0.0,0,0,0.0,0.0,0.0,0.0,0.0,0.0,0.0,0.0,0.0,0.0,0.0,1,csv_phishing
13,2.8150724101159437,0.0,0.46153846153846156,0.0,0.0,5,1.9219280948873623,0,0.0,0,0,0.0,1.0,0,0,0.0,0.0,0,0,0.0,0.0,0.0,0.0,0.0,0.0,0.0,0.0,0.0,0.0,0.0,1,csv_phishing
13,3.0269868333592873,0.0,0.46153846153846156,0.0,0.0,5,1.9219280948873623,0,0.0,0,0,0.0,1.0,0,0,0.0,0.0,0,0,0.0,0.0,0.0,0.0,0.0,0.0,1.0,0.0,0.0,0.0,0.0,1,csv_phishing
27,3.6339740759971577,0.5185185185185185,0.3333333333333333,0.0,0.0,19,3.155565013329719,0,0.7368421052631579,2,0,0.0,0.0,0,0,0.0,0.0,0,0,0.0,0.0,0.0,0.0,0.0,0.0,0.0,0.0,0.0,0.0,0.0,1,csv_phishing
30,4.0980685120588385,0.13333333333333333,0.26666666666666666,0.0,0.0,22,3.788754913993502,1,0.18181818181818182,0,0,0.0,1.0,0,0,0.0,0.0,0,0,0.0,0.0,0.0,0.0,0.0,0.0,0.0,0.0,0.0,0.0,0.0,1,csv_phishing
13,3.0269868333592873,0.0,0.46153846153846156,0.0,0.0,5,1.9219280948873623,0,0.0,0,0,0.0,1.0,0,0,0.0,0.0,0,0,0.0,0.0,0.0,0.0,0.0,0.0,0.0,0.0,0.0,0.0,0.0,1,csv_phishing
13,2.8150724101159437,0.0,0.46153846153846156,0.0,0.0,5,1.9219280948873623,0,0.0,0,0,0.0,1.0,0,0,0.0,0.0,0,0,0.0,0.0,0.0,0.0,0.0,0.0,0.0,0.0,0.0,0.0,0.0,1,csv_phishing
13,3.0269868333592873,0.0,0.46153846153846156,0.0,0.0,5,1.9219280948873623,0,0.0,0,0,0.0,1.0,0,0,0.0,0.0,0,0,0.0,0.0,0.0,0.0,0.0,0.0,1.0,0.0,0.0,0.0,0.0,1,csv_phishing
27,3.85619629821938,0.5185185185185185,0.3333333333333333,0.0,0.0,19,3.4713544870139286,0,0.7368421052631579,2,0,0.0,0.0,0,0,0.0,0.0,0,0,0.0,0.0,0.0,0.0,0.0,0.0,0.0,0.0,0.0,0.0,0.0,1,csv_phishing
13,3.0269868333592873,0.0,0.46153846153846156,0.0,0.0,5,1.9219280948873623,0,0.0,0,0,0.0,1.0,0,0,0.0,0.0,0,0,0.0,0.0,0.0,0.0,0.0,0.0,1.0,0.0,0.0,0.0,0.0,1,csv_phishing
13,2.873140679513133,0.0,0.46153846153846156,0.0,0.0,5,1.9219280948873623,0,0.0,0,0,0.0,1.0,0,0,0.0,0.0,0,0,0.0,0.0,0.0,0.0,0.0,0.0,0.0,0.0,0.0,0.0,0.0,1,csv_phishing
13,3.0269868333592873,0.0,0.46153846153846156,0.0,0.0,5,1.9219280948873623,0,0.0,0,0,0.0,1.0,0,0,0.0,0.0,0,0,0.0,0.0,0.0,0.0,0.0,0.0,1.0,0.0,0.0,0.0,0.0,1,csv_phishing
13,3.0269868333592873,0.0,0.46153846153846156,0.0,0.0,5,1.9219280948873623,0,0.0,0,0,0.0,1.0,0,0,0.0,0.0,0,0,0.0,0.0,0.0,0.0,0.0,0.0,0.0,0.0,0.0,0.0,0.0,1,csv_phishing
13,3.0269868333592873,0.0,0.46153846153846156,0.0,0.0,5,1.9219280948873623,0,0.0,0,0,0.0,1.0,0,0,0.0,0.0,0,0,0.0,0.0,0.0,0.0,0.0,0.0,0.0,0.0,0.0,0.0,0.0,1,csv_phishing
14,3.182005814760214,0.0,0.5,0.0,0.0,6,2.2516291673878226,0,0.0,0,0,0.0,1.0,0,0,0.0,0.0,0,0,0.0,0.0,0.0,0.0,0.0,0.0,1.0,1.0,0.0,0.0,0.0,1,csv_phishing
13,2.873140679513133,0.0,0.46153846153846156,0.0,0.0,5,1.9219280948873623,0,0.0,0,0,0.0,1.0,0,0,0.0,0.0,0,0,0.0,0.0,0.0,0.0,0.0,0.0,1.0,0.0,0.0,0.0,0.0,1,csv_phishing
26,3.5325732575026194,0.6538461538461539,0.19230769230769232,0.0,0.0,18,2.858278308418045,1,0.9444444444444444,0,0,0.0,0.0,0,0,0.0,0.0,0,0,0.0,0.0,8.0,0.0,0.0,0.0,1.0,1.0,0.0,0.0,0.0,0,csv_benign
17,3.6901165175936654,0.23529411764705882,0.29411764705882354,0.0,0.0,9,3.169925001442312,0,0.4444444444444444,0,0,0.0,1.0,0,0,0.0,0.0,0,0,0.0,0.0,0.0,0.0,0.0,0.0,1.0,1.0,0.0,0.0,0.0,0,csv_benign
18,3.530493056757482,0.2777777777777778,0.2777777777777778,0.0,0.0,10,2.8464393446710154,0,0.5,0,0,0.0,1.0,0,0,0.0,0.0,0,0,0.0,0.0,0.0,0.0,0.0,0.0,1.0,1.0,0.0,0.0,0.0,0,csv_benign
23,3.501397825434103,0.5217391304347826,0.30434782608695654,0.0,0.0,15,2.9735572622751847,0,0.8,0,0,0.0,0.0,0,0,0.0,0.0,0,0,0.0,2.4932122885042014e-05,0.0,0.0,0.0,0.0,1.0,1.0,0.0,0.0,0.0,0,csv_benign
23,3.6753108689123644,0.5217391304347826,0.30434782608695654,0.0,0.0,15,3.2402239289418517,0,0.8,0,0,0.0,0.0,0,0,0.0,0.0,0,0,0.0,2.649757267152139e-05,0.0,0.0,0.0,0.0,1.0,1.0,0.0,0.0,0.0,0,csv_benign
23,3.6424896731661263,0.5217391304347826,0.30434782608695654,0.0,0.0,15,3.1898980954642875,0,0.8,0,0,0.0,0.0,0,0,0.0,0.0,0,0,0.0,2.649757267152139e-05,0.0,0.0,0.0,0.0,1.0,1.0,0.0,0.0,0.0,0,csv_benign
10,2.6464393446710153,0.0,0.4,0.0,0.0,2,1.0,0,0.0,0,0,0.0,1.0,0,0,0.0,0.0,0,0,0.0,2.107409819368399e-05,0.0,0.0,0.0,0.0,1.0,1.0,0.0,0.0,0.0,0,csv_benign
11,2.845350936622437,0.0,0.36363636363636365,0.0,0.0,3,1.584962500721156,0,0.0,0,0,0.0,1.0,0,0,0.0,0.0,0,0,0.0,2.4932122885042014e-05,0.0,0.0,0.0,0.0,1.0,1.0,0.0,0.0,0.0,0,csv_benign
17,3.572469458770136,0.23529411764705882,0.29411764705882354,0.0,0.0,9,2.94770277922009,0,0.4444444444444444,0,0,0.0,1.0,0,0,0.0,0.0,0,0,0.0,0.0,0.0,0.0,0.0,0.0,1.0,1.0,0.0,0.0,0.0,0,csv_benign
17,3.6901165175936654,0.23529411764705882,0.29411764705882354,0.0,0.0,9,3.169925001442312,0,0.4444444444444444,0,0,0.0,1.0,0,0,0.0,0.0,0,0,0.0,0.0,0.0,0.0,0.0,0.0,1.0,1.0,0.0,0.0,0.0,0,csv_benign
23,3.4685766296878655,0.5217391304347826,0.30434782608695654,0.0,0.0,15,2.923231428797621,0,0.8,0,0,0.0,0.0,0,0,0.0,0.0,0,0,0.0,2.107409819368399e-05,0.0,0.0,0.0,0.0,1.0,1.0,0.0,0.0,0.0,0,csv_benign
23,3.501397825434103,0.5217391304347826,0.30434782608695654,0.0,0.0,15,2.973557262275185,0,0.8,0,0,0.0,0.0,0,0,0.0,0.0,0,0,0.0,2.392555621061604e-05,0.0,0.0,0.0,0.0,1.0,1.0,0.0,0.0,0.0,0,csv_benign
22,3.5383105956150054,0.5,0.3181818181818182,0.0,0.0,14,3.039148671903071,0,0.7857142857142857,0,0,0.0,0.0,0,0,0.0,0.0,0,0,0.0,3.6105890729101765e-05,4.0,0.0,0.0,0.0,1.0,1.0,0.0,0.0,0.0,0,csv_benign
22,3.413088436425757,0.5,0.3181818181818182,0.0,0.0,14,2.8423709931771093,0,0.7857142857142857,0,0,0.0,0.0,0,0,0.0,0.0,0,0,0.0,2.4932122885042014e-05,0.0,0.0,0.0,0.0,1.0,1.0,0.0,0.0,0.0,0,csv_benign
17,3.6901165175936654,0.23529411764705882,0.29411764705882354,0.0,0.0,9,3.169925001442312,0,0.4444444444444444,0,0,0.0,1.0,0,0,0.0,0.0,0,0,0.0,0.0,-1.0,0.0,0.0,0.0,1.0,1.0,0.0,0.0,0.0,0,csv_benign
17,3.572469458770136,0.23529411764705882,0.29411764705882354,0.0,0.0,9,2.94770277922009,0,0.4444444444444444,0,0,0.0,1.0,0,0,0.0,0.0,0,0,0.0,0.0,4.0,0.0,0.0,0.0,1.0,1.0,0.0,0.0,0.0,0,csv_benign
11,2.845350936622437,0.0,0.36363636363636365,0.0,0.0,3,1.584962500721156,0,0.0,0,0,0.0,1.0,0,0,0.0,0.0,0,0,0.0,0.0,0.0,0.0,0.0,0.0,1.0,1.0,0.0,0.0,0.0,0,csv_benign
26,3.5073801024236353,0.6538461538461539,0.19230769230769232,0.0,0.0,18,2.8218881955261788,1,0.9444444444444444,0,0,0.0,0.0,0,0,0.0,0.0,0,0,0.0,0.0,10.0,0.0,0.0,0.0,1.0,1.0,0.0,0.0,0.0,0,csv_benign
23,3.729446194905257,0.5217391304347826,0.30434782608695654,0.0,0.0,15,3.323231428797621,0,0.8,0,0,0.0,0.0,0,0,0.0,0.0,0,0,0.0,3.004038067327481e-05,0.0,0.0,0.0,0.0,1.0,1.0,0.0,0.0,0.0,0,csv_benign
23,3.435755433941628,0.5217391304347826,0.30434782608695654,0.0,0.0,15,2.872905595320056,0,0.8,0,0,0.0,0.0,0,0,0.0,0.0,0,0,0.0,3.004038067327481e-05,0.0,0.0,0.0,0.0,1.0,1.0,0.0,0.0,0.0,0,csv_benign
23,3.3444569352411984,0.5217391304347826,0.30434782608695654,0.0,0.0,15,2.732914563979398,0,0.8,0,0,0.0,0.0,0,0,0.0,0.0,0,0,0.0,2.649757267152139e-05,0.0,0.0,0.0,0.0,1.0,1.0,0.0,0.0,0.0,0,csv_benign
23,3.414441303694973,0.5217391304347826,0.30434782608695654,0.0,0.0,15,2.840223928941852,0,0.8,0,0,0.0,0.0,0,0,0.0,0.0,0,0,0.0,2.649757267152139e-05,0.0,0.0,0.0,0.0,1.0,1.0,0.0,0.0,0.0,0,csv_benign
23,3.2946635862096043,0.5217391304347826,0.30434782608695654,0.0,0.0,15,2.656564762130954,0,0.8,0,0,0.0,0.0,0,0,0.0,0.0,0,0,0.0,2.649757267152139e-05,0.0,0.0,0.0,0.0,1.0,1.0,0.0,0.0,0.0,0,csv_benign
23,3.522711955680758,0.5217391304347826,0.30434782608695654,0.0,0.0,15,3.006238928653389,0,0.8,0,0,0.0,0.0,0,0,0.0,0.0,0,0,0.0,2.649757267152139e-05,0.0,0.0,0.0,0.0,1.0,1.0,0.0,0.0,0.0,0,csv_benign
17,3.6901165175936654,0.23529411764705882,0.29411764705882354,0.0,0.0,9,3.169925001442312,0,0.4444444444444444,0,0,0.0,1.0,0,0,0.0,0.0,0,0,0.0,0.0,-1.0,0.0,0.0,0.0,1.0,1.0,0.0,0.0,0.0,0,csv_benign
23,3.522711955680758,0.5217391304347826,0.30434782608695654,0.0,0.0,15,3.006238928653389,0,0.8,0,0,0.0,0.0,0,0,0.0,0.0,0,0,0.0,1.1574074074074073e-05,0.0,0.0,0.0,0.0,1.0,1.0,0.0,-1.0,0.0,0,csv_benign
23,3.257500413502068,0.5217391304347826,0.30434782608695654,0.0,0.0,15,2.599581230646065,0,0.8,0,0,0.0,0.0,0,0,0.0,0.0,0,0,0.0,1.1574074074074073e-05,0.0,0.0,0.0,0.0,1.0,1.0,0.0,-1.0,0.0,0,csv_benign
23,3.555533151426996,0.5217391304347826,0.30434782608695654,0.0,0.0,15,3.0565647621309533,0,0.8,0,0,0.0,0.0,0,0,0.0,0.0,0,0,0.0,1.6681947801227112e-05,0.0,0.0,0.0,0.0,1.0,1.0,0.0,8.0,0.0,0,csv_benign
23,3.588354347173234,0.5217391304347826,0.30434782608695654,0.0,0.0,15,3.106890595608519,0,0.8,0,0,0.0,0.0,0,0,0.0,0.0,0,0,0.0,1.6681947801227112e-05,0.0,0.0,0.0,0.0,1.0,1.0,0.0,8.0,0.0,0,csv_benign
23,3.6424896731661263,0.5217391304347826,0.30434782608695654,0.0,0.0,15,3.189898095464287,0,0.8,0,0,0.0,0.0,0,0,0.0,0.0,0,0,0.0,1.6681947801227112e-05,0.0,0.0,0.0,0.0,1.0,1.0,0.0,8.0,0.0,0,csv_benign
23,3.4685766296878655,0.5217391304347826,0.30434782608695654,0.0,0.0,15,2.923231428797621,0,0.8,0,0,0.0,0.0,0,0,0.0,0.0,0,0,0.0,1.6681947801227112e-05,0.0,0.0,0.0,0.0,1.0,1.0,0.0,8.0,0.0,0,csv_benign
17,3.6901165175936654,0.23529411764705882,0.29411764705882354,0.0,0.0,9,3.169925001442312,0,0.4444444444444444,0,0,0.0,1.0,0,0,0.0,0.0,0,0,0.0,0.0,4.0,0.0,0.0,0.0,1.0,1.0,0.0,0.0,0.0,0,csv_benign
17,3.6901165175936654,0.23529411764705882,0.29411764705882354,0.0,0.0,9,3.169925001442312,0,0.4444444444444444,0,0,0.0,1.0,0,0,0.0,0.0,0,0,0.0,0.0,12.0,0.0,0.0,0.0,1.0,1.0,0.0,0.0,0.0,0,csv_benign
17,3.6901165175936654,0.23529411764705882,0.29411764705882354,0.0,0.0,9,3.169925001442312,0,0.4444444444444444,0,0,0.0,1.0,0,0,0.0,0.0,0,0,0.0,0.0,-1.0,0.0,0.0,0.0,1.0,1.0,0.0,0.0,0.0,0,csv_benign
17,3.572469458770136,0.23529411764705882,0.29411764705882354,0.0,0.0,9,2.94770277922009,0,0.4444444444444444,0,0,0.0,1.0,0,0,0.0,0.0,0,0,0.0,0.0,-1.0,0.0,0.0,0.0,1.0,1.0,0.0,0.0,0.0,0,csv_benign
17,3.572469458770136,0.23529411764705882,0.29411764705882354,0.0,0.0,9,2.94770277922009,0,0.4444444444444444,0,0,0.0,1.0,0,0,0.0,0.0,0,0,0.0,0.0,0.0,0.0,0.0,0.0,1.0,1.0,0.0,0.0,0.0,0,csv_benign
17,3.572469458770136,0.23529411764705882,0.29411764705882354,0.0,0.0,9,2.94770277922009,0,0.4444444444444444,0,0,0.0,1.0,0,0,0.0,0.0,0,0,0.0,0.0,0.0,0.0,0.0,0.0,1.0,1.0,0.0,0.0,0.0,0,csv_benign
18,3.68354236243323,0.2777777777777778,0.2777777777777778,0.0,0.0,10,3.121928094887362,0,0.5,0,0,0.0,1.0,0,0,0.0,0.0,0,0,0.0,0.0,-1.0,0.0,0.0,0.0,1.0,1.0,0.0,0.0,0.0,0,csv_benign
23,3.5883543471732335,0.5217391304347826,0.30434782608695654,0.0,0.0,15,3.106890595608518,0,0.8,0,0,0.0,0.0,0,0,0.0,0.0,0,0,0.0,1.736111111111111e-05,0.0,0.0,0.0,0.0,1.0,1.0,0.0,-1.0,0.0,0,csv_benign
23,3.555533151426996,0.5217391304347826,0.30434782608695654,0.0,0.0,15,3.0565647621309537,0,0.8,0,0,0.0,0.0,0,0,0.0,0.0,0,0,0.0,1.4623230046867769e-05,0.0,0.0,0.0,0.0,1.0,1.0,0.0,-1.0,0.0,0,csv_benign
23,3.555533151426996,0.5217391304347826,0.30434782608695654,0.0,0.0,15,3.0565647621309533,0,0.8,0,0,0.0,0.0,0,0,0.0,0.0,0,0,0.0,1.4623230046867769e-05,0.0,0.0,0.0,0.0,1.0,1.0,0.0,-1.0,0.0,0,csv_benign
13,3.0269868333592873,0.3076923076923077,0.38461538461538464,0.0,0.0,5,1.9219280948873623,1,0.8,0,0,0.0,0.0,0,0,0.0,0.0,0,0,0.0,0.0,0.0,0.0,0.0,0.0,1.0,1.0,0.0,0.0,0.0,0,csv_benign
23,3.6424896731661263,0.5217391304347826,0.30434782608695654,0.0,0.0,15,3.189898095464287,0,0.8,0,0,0.0,0.0,0,0,0.0,0.0,0,0,0.0,2.149933421192002e-05,0.0,0.0,0.0,0.0,1.0,1.0,0.0,0.0,0.0,0,csv_benign
23,3.6753108689123644,0.5217391304347826,0.30434782608695654,0.0,0.0,15,3.2402239289418517,0,0.8,0,0,0.0,0.0,0,0,0.0,0.0,0,0,0.0,3.151977238210769e-05,-1.0,0.0,0.0,0.0,1.0,1.0,0.0,0.0,0.0,0,csv_benign
23,3.522711955680758,0.5217391304347826,0.30434782608695654,0.0,0.0,15,3.0062389286533895,0,0.8,0,0,0.0,0.0,0,0,0.0,0.0,0,0,0.0,3.151977238210769e-05,-1.0,0.0,0.0,0.0,1.0,1.0,0.0,0.0,0.0,0,csv_benign
17,3.6901165175936654,0.23529411764705882,0.29411764705882354,0.0,0.0,9,3.169925001442312,0,0.4444444444444444,0,0,0.0,1.0,0,0,0.0,0.0,0,0,0.0,0.0,0.0,0.0,0.0,0.0,1.0,1.0,0.0,0.0,0.0,0,csv_benign
17,3.572469458770136,0.23529411764705882,0.29411764705882354,0.0,0.0,9,2.94770277922009,0,0.4444444444444444,0,0,0.0,1.0,0,0,0.0,0.0,0,0,0.0,0.0,12.0,0.0,0.0,0.0,1.0,1.0,0.0,0.0,0.0,0,csv_benign
14,3.182005814760214,0.0,0.35714285714285715,0.0,0.0,6,2.2516291673878226,0,0.0,0,0,0.0,1.0,0,0,0.0,0.0,0,0,0.0,0.0,0.0,0.0,0.0,0.0,1.0,1.0,0.0,-1.0,0.0,0,csv_benign
23,3.344456935241198,0.5217391304347826,0.30434782608695654,0.0,0.0,15,2.7329145639793975,0,0.8,0,0,0.0,0.0,0,0,0.0,0.0,0,0,0.0,1.998882610810542e-05,0.0,0.0,0.0,0.0,1.0,1.0,0.0,-1.0,0.0,0,csv_benign
23,3.6424896731661263,0.5217391304347826,0.30434782608695654,0.0,0.0,15,3.1898980954642866,0,0.8,0,0,0.0,0.0,0,0,0.0,0.0,0,0,0.0,1.998882610810542e-05,0.0,0.0,0.0,0.0,1.0,1.0,0.0,-1.0,0.0,0,csv_benign
26,3.767183467891461,0.6538461538461539,0.19230769230769232,0.0,0.0,18,3.1971597234241487,1,0.9444444444444444,0,0,0.0,0.0,0,0,0.0,0.0,0,0,0.0,0.0,4.0,0.0,0.0,0.0,1.0,1.0,0.0,0.0,0.0,0,csv_benign
23,3.4685766296878655,0.5217391304347826,0.30434782608695654,0.0,0.0,15,2.923231428797621,0,0.8,0,0,0.0,0.0,0,0,0.0,0.0,0,0,0.0,2.149933421192002e-05,0.0,0.0,0.0,0.0,1.0,1.0,0.0,0.0,0.0,0,csv_benign
23,3.6424896731661263,0.5217391304347826,0.30434782608695654,0.0,0.0,15,3.1898980954642866,0,0.8,0,0,0.0,0.0,0,0,0.0,0.0,0,0,0.0,2.149933421192002e-05,0.0,0.0,0.0,0.0,1.0,1.0,0.0,0.0,0.0,0,csv_benign
24,3.6053885422075336,0.625,0.20833333333333334,0.0,0.0,16,2.952819531114783,1,0.9375,0,0,0.0,0.0,0,0,0.0,0.0,0,0,0.0,0.0,-1.0,0.0,0.0,0.0,1.0,1.0,0.0,0.0,0.0,0,csv_benign
26,3.6902603909683833,0.6538461538461539,0.19230769230769232,0.0,0.0,18,3.086048612313038,1,0.9444444444444444,0,0,0.0,0.0,0,0,0.0,0.0,0,0,0.0,0.0,-1.0,0.0,0.0,0.0,1.0,1.0,0.0,0.0,0.0,0,csv_benign
18,3.5724312513221195,0.2777777777777778,0.2777777777777778,0.0,0.0,10,2.9219280948873623,0,0.5,0,0,0.0,1.0,0,0,0.0,0.0,0,0,0.0,0.0,-1.0,0.0,0.0,0.0,1.0,1.0,0.0,0.0,0.0,0,csv_benign
17,3.6901165175936654,0.23529411764705882,0.29411764705882354,0.0,0.0,9,3.169925001442312,0,0.4444444444444444,0,0,0.0,1.0,0,0,0.0,0.0,0,0,0.0,0.0,0.0,0.0,0.0,0.0,1.0,1.0,0.0,0.0,0.0,0,csv_benign
17,3.572469458770136,0.23529411764705882,0.29411764705882354,0.0,0.0,9,2.94770277922009,0,0.4444444444444444,0,0,0.0,1.0,0,0,0.0,0.0,0,0,0.0,0.0,0.0,0.0,0.0,0.0,1.0,1.0,0.0,0.0,0.0,0,csv_benign
9,2.4193819456463714,0.1111111111111111,0.4444444444444444,0.0,0.0,1,0.0,0,1.0,0,0,0.0,0.0,0,0,0.0,0.0,0,0,0.0,0.0,0.0,0.0,0.0,0.0,1.0,1.0,0.0,0.0,0.0,0,csv_benign
17,3.572469458770136,0.23529411764705882,0.29411764705882354,0.0,0.0,9,2.94770277922009,0,0.4444444444444444,0,0,0.0,1.0,0,0,0.0,0.0,0,0,0.0,0.0,0.0,0.0,0.0,0.0,1.0,1.0,0.0,0.0,0.0,0,csv_benign
10,2.6464393446710153,0.0,0.4,0.0,0.0,2,1.0,0,0.0,0,0,0.0,0.0,0,0,0.0,0.0,0,0,0.0,0.0,0.0,0.0,0.0,0.0,1.0,1.0,0.0,2.0,0.0,0,csv_benign
26,3.796217602590056,0.6538461538461539,0.19230769230769232,0.0,0.0,18,3.239097917988786,1,0.9444444444444444,0,0,0.0,0.0,0,0,0.0,0.0,0,0,0.0,0.0,0.0,0.0,0.0,0.0,1.0,1.0,0.0,0.0,0.0,0,csv_benign
25,3.7034651896016464,0.64,0.2,0.0,0.0,17,3.1018812234760182,1,0.9411764705882353,0,0,0.0,0.0,0,0,0.0,0.0,0,0,0.0,0.0,4.0,0.0,0.0,0.0,1.0,1.0,0.0,0.0,0.0,0,csv_benign
17,3.572469458770136,0.23529411764705882,0.29411764705882354,0.0,0.0,9,2.94770277922009,0,0.4444444444444444,0,0,0.0,1.0,0,0,0.0,0.0,0,0,0.0,0.0,0.0,0.0,0.0,0.0,1.0,1.0,0.0,0.0,0.0,0,csv_benign
23,3.7294461949052566,0.5217391304347826,0.30434782608695654,0.0,0.0,15,3.32323142879762,0,0.8,0,0,0.0,0.0,0,0,0.0,0.0,0,0,0.0,2.4932122885042014e-05,0.0,0.0,0.0,0.0,1.0,1.0,0.0,0.0,0.0,0,csv_benign
23,3.4685766296878655,0.5217391304347826,0.30434782608695654,0.0,0.0,15,2.923231428797621,0,0.8,0,0,0.0,0.0,0,0,0.0,0.0,0,0,0.0,2.4932122885042014e-05,0.0,0.0,0.0,0.0,1.0,1.0,0.0,0.0,0.0,0,csv_benign
17,3.572469458770136,0.23529411764705882,0.29411764705882354,0.0,0.0,9,2.94770277922009,0,0.4444444444444444,0,0,0.0,1.0,0,0,0.0,0.0,0,0,0.0,0.0,0.0,0.0,0.0,0.0,1.0,1.0,0.0,0.0,0.0,0,csv_benign
26,3.632192121571194,0.6538461538461539,0.19230769230769232,0.0,0.0,18,3.0021722231837638,1,0.9444444444444444,0,0,0.0,0.0,0,0,0.0,0.0,0,0,0.0,0.0,0.0,0.0,0.0,0.0,1.0,1.0,0.0,0.0,0.0,0,csv_benign
26,3.632192121571194,0.6538461538461539,0.19230769230769232,0.0,0.0,18,3.0021722231837633,1,0.9444444444444444,0,0,0.0,0.0,0,0,0.0,0.0,0,0,0.0,0.0,-1.0,0.0,0.0,0.0,1.0,1.0,0.0,0.0,0.0,0,csv_benign
23,3.6424896731661263,0.5217391304347826,0.30434782608695654,0.0,0.0,15,3.1898980954642875,0,0.8,0,0,0.0,0.0,0,0,0.0,0.0,0,0,0.0,2.149933421192002e-05,0.0,0.0,0.0,0.0,1.0,1.0,0.0,0.0,0.0,0,csv_benign
23,3.6424896731661263,0.5217391304347826,0.30434782608695654,0.0,0.0,15,3.1898980954642875,0,0.8,0,0,0.0,0.0,0,0,0.0,0.0,0,0,0.0,2.149933421192002e-05,0.0,0.0,0.0,0.0,1.0,1.0,0.0,0.0,0.0,0,csv_benign
23,3.6424896731661263,0.5217391304347826,0.30434782608695654,0.0,0.0,15,3.189898095464287,0,0.8,0,0,0.0,0.0,0,0,0.0,0.0,0,0,0.0,2.149933421192002e-05,0.0,0.0,0.0,0.0,1.0,1.0,0.0,0.0,0.0,0,csv_benign
23,3.414441303694973,0.5217391304347826,0.30434782608695654,0.0,0.0,15,2.840223928941852,0,0.8,0,0,0.0,0.0,0,0,0.0,0.0,0,0,0.0,2.149933421192002e-05,0.0,0.0,0.0,0.0,1.0,1.0,0.0,0.0,0.0,0,csv_benign
23,3.4357554339416274,0.5217391304347826,0.30434782608695654,0.0,0.0,15,2.8729055953200553,0,0.8,0,0,0.0,0.0,0,0,0.0,0.0,0,0,0.0,1.8807870370370372e-05,0.0,0.0,0.0,0.0,1.0,1.0,0.0,0.0,0.0,0,csv_benign
23,3.522711955680758,0.5217391304347826,0.30434782608695654,0.0,0.0,15,3.006238928653389,0,0.8,0,0,0.0,0.0,0,0,0.0,0.0,0,0,0.0,1.8807870370370372e-05,0.0,0.0,0.0,0.0,1.0,1.0,0.0,0.0,0.0,0,csv_benign
11,2.845350936622437,0.0,0.36363636363636365,0.0,0.0,3,1.584962500721156,0,0.0,0,0,0.0,1.0,0,0,0.0,0.0,0,0,0.0,2.4932122885042014e-05,0.0,0.0,0.0,0.0,1.0,1.0,0.0,0.0,0.0,0,csv_benign
17,3.572469458770136,0.23529411764705882,0.29411764705882354,0.0,0.0,9,2.94770277922009,0,0.4444444444444444,0,0,0.0,1.0,0,0,0.0,0.0,0,0,0.0,0.0,0.0,0.0,0.0,0.0,1.0,1.0,0.0,0.0,0.0,0,csv_benign
17,3.572469458770136,0.23529411764705882,0.29411764705882354,0.0,0.0,9,2.94770277922009,0,0.4444444444444444,0,0,0.0,1.0,0,0,0.0,0.0,0,0,0.0,0.0,6.0,0.0,0.0,0.0,1.0,1.0,0.0,0.0,0.0,0,csv_benign
17,3.6901165175936654,0.23529411764705882,0.29411764705882354,0.0,0.0,9,3.169925001442312,0,0.4444444444444444,0,0,0.0,1.0,0,0,0.0,0.0,0,0,0.0,0.0,-1.0,0.0,0.0,0.0,1.0,1.0,0.0,0.0,0.0,0,csv_benign
18,3.6835423624332306,0.2777777777777778,0.2777777777777778,0.0,0.0,10,3.121928094887362,0,0.5,0,0,0.0,1.0,0,0,0.0,0.0,0,0,0.0,0.0,-1.0,0.0,0.0,0.0,1.0,1.0,0.0,0.0,0.0,0,csv_benign
23,3.4685766296878655,0.5217391304347826,0.30434782608695654,0.0,0.0,15,2.9232314287976204,0,0.8,0,0,0.0,0.0,0,0,0.0,0.0,0,0,0.0,2.107409819368399e-05,0.0,0.0,0.0,0.0,1.0,1.0,0.0,0.0,0.0,0,csv_benign
23,3.5883543471732335,0.5217391304347826,0.30434782608695654,0.0,0.0,15,3.106890595608518,0,0.8,0,0,0.0,0.0,0,0,0.0,0.0,0,0,0.0,2.107409819368399e-05,0.0,0.0,0.0,0.0,1.0,1.0,0.0,0.0,0.0,0,csv_benign
23,3.588354347173234,0.5217391304347826,0.30434782608695654,0.0,0.0,15,3.106890595608519,0,0.8,0,0,0.0,0.0,0,0,0.0,0.0,0,0,0.0,1.9752314829653422e-05,0.0,0.0,0.0,0.0,1.0,1.0,0.0,0.0,0.0,0,csv_benign
23,3.6424896731661263,0.5217391304347826,0.30434782608695654,0.0,0.0,15,3.1898980954642866,0,0.8,0,0,0.0,0.0,0,0,0.0,0.0,0,0,0.0,1.9752314829653422e-05,0.0,0.0,0.0,0.0,1.0,1.0,0.0,0.0,0.0,0,csv_benign
23,3.555533151426996,0.5217391304347826,0.30434782608695654,0.0,0.0,15,3.0565647621309537,0,0.8,0,0,0.0,0.0,0,0,0.0,0.0,0,0,0.0,2.649757267152139e-05,0.0,0.0,0.0,0.0,1.0,1.0,0.0,0.0,0.0,0,csv_benign
23,3.6424896731661263,0.5217391304347826,0.30434782608695654,0.0,0.0,15,3.189898095464287,0,0.8,0,0,0.0,0.0,0,0,0.0,0.0,0,0,0.0,2.649757267152139e-05,0.0,0.0,0.0,0.0,1.0,1.0,0.0,0.0,0.0,0,csv_benign
23,3.555533151426996,0.5217391304347826,0.30434782608695654,0.0,0.0,15,3.0565647621309533,0,0.8,0,0,0.0,0.0,0,0,0.0,0.0,0,0,0.0,1.6681947801227112e-05,0.0,0.0,0.0,0.0,1.0,1.0,0.0,8.0,0.0,0,csv_benign
23,3.555533151426996,0.5217391304347826,0.30434782608695654,0.0,0.0,15,3.056564762130954,0,0.8,0,0,0.0,0.0,0,0,0.0,0.0,0,0,0.0,1.6681947801227112e-05,0.0,0.0,0.0,0.0,1.0,1.0,0.0,8.0,0.0,0,csv_benign
23,3.555533151426996,0.5217391304347826,0.30434782608695654,0.0,0.0,15,3.0565647621309537,0,0.8,0,0,0.0,0.0,0,0,0.0,0.0,0,0,0.0,2.4932122885042014e-05,-1.0,0.0,0.0,0.0,1.0,1.0,0.0,0.0,0.0,0,csv_benign
23,3.4357554339416274,0.5217391304347826,0.30434782608695654,0.0,0.0,15,2.8729055953200557,0,0.8,0,0,0.0,0.0,0,0,0.0,0.0,0,0,0.0,2.649757267152139e-05,3.0,0.0,0.0,0.0,1.0,1.0,0.0,0.0,0.0,0,csv_benign
23,3.555533151426996,0.5217391304347826,0.30434782608695654,0.0,0.0,15,3.0565647621309537,0,0.8,0,0,0.0,0.0,0,0,0.0,0.0,0,0,0.0,2.649757267152139e-05,3.0,0.0,0.0,0.0,1.0,1.0,0.0,0.0,0.0,0,csv_benign
23,3.7294461949052566,0.5217391304347826,0.30434782608695654,0.0,0.0,15,3.32323142879762,0,0.8,0,0,0.0,0.0,0,0,0.0,0.0,0,0,0.0,3.261239713418017e-05,0.0,0.0,0.0,0.0,1.0,1.0,0.0,0.0,0.0,0,csv_benign
23,3.501397825434103,0.5217391304347826,0.30434782608695654,0.0,0.0,15,2.9735572622751847,0,0.8,0,0,0.0,0.0,0,0,0.0,0.0,0,0,0.0,3.261239713418017e-05,0.0,0.0,0.0,0.0,1.0,1.0,0.0,0.0,0.0,0,csv_benign
17,3.572469458770136,0.23529411764705882,0.29411764705882354,0.0,0.0,9,2.94770277922009,0,0.4444444444444444,0,0,0.0,1.0,0,0,0.0,0.0,0,0,0.0,0.0,-1.0,0.0,0.0,0.0,1.0,1.0,0.0,0.0,0.0,0,csv_benign
25,3.593269689515108,0.64,0.2,0.0,0.0,17,2.939829017466402,1,0.9411764705882353,0,0,0.0,0.0,0,0,0.0,0.0,0,0,0.0,0.0,8.0,0.0,0.0,0.0,1.0,1.0,0.0,0.0,0.0,0,csv_benign
23,3.6424896731661263,0.5217391304347826,0.30434782608695654,0.0,0.0,15,3.1898980954642875,0,0.8,0,0,0.0,0.0,0,0,0.0,0.0,0,0,0.0,2.149933421192002e-05,0.0,0.0,0.0,0.0,1.0,1.0,0.0,0.0,0.0,0,csv_benign
23,3.3816201079487347,0.5217391304347826,0.30434782608695654,0.0,0.0,15,2.789898095464287,0,0.8,0,0,0.0,0.0,0,0,0.0,0.0,0,0,0.0,2.3502766923953312e-05,0.0,0.0,0.0,0.0,1.0,1.0,0.0,0.0,0.0,0,csv_benign
23,3.588354347173234,0.5217391304347826,0.30434782608695654,0.0,0.0,15,3.1068905956085184,0,0.8,0,0,0.0,0.0,0,0,0.0,0.0,0,0,0.0,2.3502766923953312e-05,0.0,0.0,0.0,0.0,1.0,1.0,0.0,0.0,0.0,0,csv_benign
23,3.6753108689123644,0.5217391304347826,0.30434782608695654,0.0,0.0,15,3.2402239289418513,0,0.8,0,0,0.0,0.0,0,0,0.0,0.0,0,0,0.0,2.3502766923953312e-05,0.0,0.0,0.0,0.0,1.0,1.0,0.0,0.0,0.0,0,csv_benign
23,3.522711955680758,0.5217391304347826,0.30434782608695654,0.0,0.0,15,3.006238928653389,0,0.8,0,0,0.0,0.0,0,0,0.0,0.0,0,0,0.0,2.3502766923953312e-05,0.0,0.0,0.0,0.0,1.0,1.0,0.0,0.0,0.0,0,csv_benign
10,2.6464393446710153,0.0,0.4,0.0,0.0,2,1.0,0,0.0,0,0,0.0,1.0,0,0,0.0,0.0,0,0,0.0,0.0,0.0,0.0,0.0,0.0,1.0,1.0,0.0,0.0,0.0,0,csv_benign
23,3.6424896731661263,0.5217391304347826,0.30434782608695654,0.0,0.0,15,3.1898980954642866,0,0.8,0,0,0.0,0.0,0,0,0.0,0.0,0,0,0.0,2.149933421192002e-05,0.0,0.0,0.0,0.0,1.0,1.0,0.0,0.0,0.0,0,csv_benign
23,3.501397825434103,0.5217391304347826,0.30434782608695654,0.0,0.0,15,2.9735572622751847,0,0.8,0,0,0.0,0.0,0,0,0.0,0.0,0,0,0.0,2.3502766923953312e-05,0.0,0.0,0.0,0.0,1.0,1.0,0.0,0.0,0.0,0,csv_benign
23,3.588354347173234,0.5217391304347826,0.30434782608695654,0.0,0.0,15,3.106890595608519,0,0.8,0,0,0.0,0.0,0,0,0.0,0.0,0,0,0.0,2.3502766923953312e-05,0.0,0.0,0.0,0.0,1.0,1.0,0.0,0.0,0.0,0,csv_benign
11,2.845350936622437,0.0,0.36363636363636365,0.0,0.0,3,1.584962500721156,0,0.0,0,0,0.0,1.0,0,0,0.0,0.0,0,0,0.0,2.107409819368399e-05,0.0,0.0,0.0,0.0,1.0,1.0,0.0,0.0,0.0,0,csv_benign
17,3.572469458770136,0.23529411764705882,0.29411764705882354,0.0,0.0,9,2.94770277922009,0,0.4444444444444444,0,0,0.0,1.0,0,0,0.0,0.0,0,0,0.0,0.0,0.0,0.0,0.0,0.0,1.0,1.0,0.0,0.0,0.0,0,csv_benign
23,3.2405282602167116,0.5217391304347826,0.30434782608695654,0.0,0.0,15,2.5735572622751848,0,0.8,0,0,0.0,0.0,0,0,0.0,0.0,0,0,0.0,2.4932122885042014e-05,0.0,0.0,0.0,0.0,1.0,1.0,0.0,0.0,0.0,0,csv_benign
23,3.055108151238868,0.5217391304347826,0.30434782608695654,0.0,0.0,15,2.289246428509158,0,0.8,0,0,0.0,0.0,0,0,0.0,0.0,0,0,0.0,1.998882610810542e-05,0.0,0.0,0.0,0.0,1.0,1.0,0.0,-1.0,0.0,0,csv_benign
23,3.6424896731661263,0.5217391304347826,0.30434782608695654,0.0,0.0,15,3.1898980954642866,0,0.8,0,0,0.0,0.0,0,0,0.0,0.0,0,0,0.0,1.998882610810542e-05,0.0,0.0,0.0,0.0,1.0,1.0,0.0,-1.0,0.0,0,csv_benign
10,2.6464393446710153,0.0,0.4,0.0,0.0,2,1.0,0,0.0,0,0,0.0,1.0,0,0,0.0,0.0,0,0,0.0,0.0,0.0,0.0,0.0,0.0,1.0,1.0,0.0,0.0,0.0,0,csv_benign
23,3.4357554339416274,0.5217391304347826,0.30434782608695654,0.0,0.0,15,2.872905595320056,0,0.8,0,0,0.0,0.0,0,0,0.0,0.0,0,0,0.0,1.0492650179134214e-05,0.0,0.0,0.0,0.0,1.0,1.0,0.0,-1.0,0.0,0,csv_benign
23,3.6424896731661263,0.5217391304347826,0.30434782608695654,0.0,0.0,15,3.1898980954642866,0,0.8,0,0,0.0,0.0,0,0,0.0,0.0,0,0,0.0,1.6623589403462184e-05,0.0,0.0,0.0,0.0,1.0,1.0,0.0,3.0,0.0,0,csv_benign
23,3.522711955680758,0.5217391304347826,0.30434782608695654,0.0,0.0,15,3.006238928653389,0,0.8,0,0,0.0,0.0,0,0,0.0,0.0,0,0,0.0,1.6623589403462184e-05,0.0,0.0,0.0,0.0,1.0,1.0,0.0,3.0,0.0,0,csv_benign
23,3.501397825434103,0.5217391304347826,0.30434782608695654,0.0,0.0,15,2.9735572622751847,0,0.8,0,0,0.0,0.0,0,0,0.0,0.0,0,0,0.0,1.6623589403462184e-05,0.0,0.0,0.0,0.0,1.0,1.0,0.0,3.0,0.0,0,csv_benign
23,3.522711955680758,0.5217391304347826,0.30434782608695654,0.0,0.0,15,3.0062389286533895,0,0.8,0,0,0.0,0.0,0,0,0.0,0.0,0,0,0.0,1.6623589403462184e-05,0.0,0.0,0.0,0.0,1.0,1.0,0.0,3.0,0.0,0,csv_benign
23,3.555533151426996,0.5217391304347826,0.30434782608695654,0.0,0.0,15,3.0565647621309537,0,0.8,0,0,0.0,0.0,0,0,0.0,0.0,0,0,0.0,1.686970458229039e-05,0.0,0.0,0.0,0.0,1.0,1.0,0.0,0.0,0.0,0,csv_benign
23,3.4357554339416274,0.5217391304347826,0.30434782608695654,0.0,0.0,15,2.8729055953200566,0,0.8,0,0,0.0,0.0,0,0,0.0,0.0,0,0,0.0,1.686970458229039e-05,0.0,0.0,0.0,0.0,1.0,1.0,0.0,0.0,0.0,0,csv_benign
23,3.588354347173234,0.5217391304347826,0.30434782608695654,0.0,0.0,15,3.106890595608519,0,0.8,0,0,0.0,0.0,0,0,0.0,0.0,0,0,0.0,2.0609248405434794e-05,0.0,0.0,0.0,0.0,1.0,1.0,0.0,0.0,0.0,0,csv_benign
23,3.6424896731661263,0.5217391304347826,0.30434782608695654,0.0,0.0,15,3.189898095464287,0,0.8,0,0,0.0,0.0,0,0,0.0,0.0,0,0,0.0,2.0609248405434794e-05,0.0,0.0,0.0,0.0,1.0,1.0,0.0,0.0,0.0,0,csv_benign
11,2.663532754804255,0.18181818181818182,0.45454545454545453,0.0,0.0,3,0.9182958340544896,1,0.6666666666666666,0,0,0.0,0.0,0,0,0.0,0.0,0,0,0.0,0.0,0.0,0.0,0.0,0.0,1.0,1.0,0.0,0.0,0.0,0,csv_benign
23,3.522711955680758,0.5217391304347826,0.30434782608695654,0.0,0.0,15,3.0062389286533895,0,0.8,0,0,0.0,0.0,0,0,0.0,0.0,0,0,0.0,1.736111111111111e-05,0.0,0.0,0.0,0.0,1.0,1.0,0.0,-1.0,0.0,0,csv_benign
23,3.588354347173234,0.5217391304347826,0.30434782608695654,0.0,0.0,15,3.106890595608519,0,0.8,0,0,0.0,0.0,0,0,0.0,0.0,0,0,0.0,1.998882610810542e-05,0.0,0.0,0.0,0.0,1.0,1.0,0.0,8.0,0.0,0,csv_benign
23,3.6753108689123644,0.5217391304347826,0.30434782608695654,0.0,0.0,15,3.240223928941852,0,0.8,0,0,0.0,0.0,0,0,0.0,0.0,0,0,0.0,1.998882610810542e-05,0.0,0.0,0.0,0.0,1.0,1.0,0.0,8.0,0.0,0,csv_benign
23,3.501397825434103,0.5217391304347826,0.30434782608695654,0.0,0.0,15,2.9735572622751847,0,0.8,0,0,0.0,0.0,0,0,0.0,0.0,0,0,0.0,1.998882610810542e-05,0.0,0.0,0.0,0.0,1.0,1.0,0.0,8.0,0.0,0,csv_benign
23,3.4685766296878655,0.5217391304347826,0.30434782608695654,0.0,0.0,15,2.9232314287976204,0,0.8,0,0,0.0,0.0,0,0,0.0,0.0,0,0,0.0,1.998882610810542e-05,0.0,0.0,0.0,0.0,1.0,1.0,0.0,8.0,0.0,0,csv_benign
17,3.572469458770136,0.23529411764705882,0.29411764705882354,0.0,0.0,9,2.94770277922009,0,0.4444444444444444,0,0,0.0,1.0,0,0,0.0,0.0,0,0,0.0,0.0,0.0,0.0,0.0,0.0,1.0,1.0,0.0,0.0,0.0,0,csv_benign
17,3.572469458770136,0.23529411764705882,0.29411764705882354,0.0,0.0,9,2.94770277922009,0,0.4444444444444444,0,0,0.0,1.0,0,0,0.0,0.0,0,0,0.0,0.0,0.0,0.0,0.0,0.0,1.0,1.0,0.0,0.0,0.0,0,csv_benign
26,3.6902603909683838,0.6538461538461539,0.19230769230769232,0.0,0.0,18,3.086048612313038,1,0.9444444444444444,0,0,0.0,0.0,0,0,0.0,0.0,0,0,0.0,0.0,-1.0,0.0,0.0,0.0,1.0,1.0,0.0,0.0,0.0,0,csv_benign
23,3.4357554339416274,0.5217391304347826,0.30434782608695654,0.0,0.0,15,2.872905595320056,0,0.8,0,0,0.0,0.0,0,0,0.0,0.0,0,0,0.0,2.149933421192002e-05,0.0,0.0,0.0,0.0,1.0,1.0,0.0,0.0,0.0,0,csv_benign
23,3.555533151426996,0.5217391304347826,0.30434782608695654,0.0,0.0,15,3.0565647621309537,0,0.8,0,0,0.0,0.0,0,0,0.0,0.0,0,0,0.0,2.3502766923953312e-05,0.0,0.0,0.0,0.0,1.0,1.0,0.0,0.0,0.0,0,csv_benign
23,3.2946635862096043,0.5217391304347826,0.30434782608695654,0.0,0.0,15,2.656564762130954,0,0.8,0,0,0.0,0.0,0,0,0.0,0.0,0,0,0.0,2.3502766923953312e-05,0.0,0.0,0.0,0.0,1.0,1.0,0.0,0.0,0.0,0,csv_benign
23,3.501397825434103,0.5217391304347826,0.30434782608695654,0.0,0.0,15,2.973557262275185,0,0.8,0,0,0.0,0.0,0,0,0.0,0.0,0,0,0.0,2.3502766923953312e-05,0.0,0.0,0.0,0.0,1.0,1.0,0.0,0.0,0.0,0,csv_benign
23,3.315977716456259,0.5217391304347826,0.30434782608695654,0.0,0.0,15,2.689246428509158,0,0.8,0,0,0.0,0.0,0,0,0.0,0.0,0,0,0.0,2.3502766923953312e-05,0.0,0.0,0.0,0.0,1.0,1.0,0.0,0.0,0.0,0,csv_benign
17,3.6901165175936654,0.23529411764705882,0.29411764705882354,0.0,0.0,9,3.169925001442312,0,0.4444444444444444,0,0,0.0,1.0,0,0,0.0,0.0,0,0,0.0,0.0,0.0,0.0,0.0,0.0,1.0,1.0,0.0,0.0,0.0,0,csv_benign
23,3.501397825434103,0.5217391304347826,0.30434782608695654,0.0,0.0,15,2.973557262275185,0,0.8,0,0,0.0,0.0,0,0,0.0,0.0,0,0,0.0,3.2288602840261874e-05,0.0,0.0,0.0,0.0,1.0,1.0,0.0,0.0,0.0,0,csv_benign
20,3.9841837197791885,0.0,0.3,0.0,0.0,12,3.0849625007211556,0,0.0,0,0,0.0,1.0,0,0,0.0,0.0,0,0,0.0,0.0,0.0,0.0,0.0,0.0,1.0,1.0,0.0,0.0,-1.0,0,csv_benign
17,3.6901165175936654,0.23529411764705882,0.29411764705882354,0.0,0.0,9,3.169925001442312,0,0.4444444444444444,0,0,0.0,1.0,0,0,0.0,0.0,0,0,0.0,0.0,0.0,0.0,0.0,0.0,1.0,1.0,0.0,0.0,0.0,0,csv_benign
17,3.572469458770136,0.23529411764705882,0.29411764705882354,0.0,0.0,9,2.94770277922009,0,0.4444444444444444,0,0,0.0,1.0,0,0,0.0,0.0,0,0,0.0,0.0,0.0,0.0,0.0,0.0,1.0,1.0,0.0,0.0,0.0,0,csv_benign
25,4.023465189601645,0.0,0.36,0.0,0.0,17,3.8521687236032816,1,0.0,0,0,0.0,1.0,0,0,0.0,0.0,0,0,0.0,0.0,0.0,0.0,0.0,0.0,1.0,1.0,0.0,0.0,0.0,0,csv_benign
10,2.6464393446710153,0.0,0.4,0.0,0.0,2,1.0,0,0.0,0,0,0.0,1.0,0,0,0.0,0.0,0,0,0.0,0.0,0.0,0.0,0.0,0.0,1.0,1.0,0.0,-1.0,0.0,0,csv_benign
23,3.4357554339416274,0.5217391304347826,0.30434782608695654,0.0,0.0,15,2.872905595320056,0,0.8,0,0,0.0,0.0,0,0,0.0,0.0,0,0,0.0,1.686970458229039e-05,0.0,0.0,0.0,0.0,1.0,1.0,0.0,4.0,0.0,0,csv_benign
23,3.555533151426996,0.5217391304347826,0.30434782608695654,0.0,0.0,15,3.0565647621309537,0,0.8,0,0,0.0,0.0,0,0,0.0,0.0,0,0,0.0,2.0609248405434794e-05,0.0,0.0,0.0,0.0,1.0,1.0,0.0,0.0,0.0,0,csv_benign
23,3.522711955680758,0.5217391304347826,0.30434782608695654,0.0,0.0,15,3.006238928653389,0,0.8,0,0,0.0,0.0,0,0,0.0,0.0,0,0,0.0,2.0609248405434794e-05,0.0,0.0,0.0,0.0,1.0,1.0,0.0,0.0,0.0,0,csv_benign
26,3.3496929689578714,0.6538461538461539,0.19230769230769232,0.0,0.0,18,2.5941178916311856,1,0.9444444444444444,0,0,0.0,0.0,0,0,0.0,0.0,0,0,0.0,0.0,0.0,0.0,0.0,0.0,1.0,1.0,0.0,0.0,0.0,0,csv_benign
23,3.6424896731661263,0.5217391304347826,0.30434782608695654,0.0,0.0,15,3.1898980954642866,0,0.8,0,0,0.0,0.0,0,0,0.0,0.0,0,0,0.0,2.4932122885042014e-05,0.0,0.0,0.0,0.0,1.0,1.0,0.0,0.0,0.0,0,csv_benign
23,3.7294461949052566,0.5217391304347826,0.30434782608695654,0.0,0.0,15,3.32323142879762,0,0.8,0,0,0.0,0.0,0,0,0.0,0.0,0,0,0.0,2.4932122885042014e-05,0.0,0.0,0.0,0.0,1.0,1.0,0.0,0.0,0.0,0,csv_benign
13,3.0269868333592873,0.0,0.38461538461538464,0.0,0.0,5,2.321928094887362,0,0.0,0,0,0.0,1.0,0,0,0.0,0.0,0,0,0.0,2.107409819368399e-05,0.0,0.0,0.0,0.0,1.0,1.0,0.0,0.0,0.0,0,csv_benign
23,3.522711955680758,0.5217391304347826,0.30434782608695654,0.0,0.0,15,3.006238928653389,0,0.8,0,0,0.0,0.0,0,0,0.0,0.0,0,0,0.0,1.686970458229039e-05,0.0,0.0,0.0,0.0,1.0,1.0,0.0,2.0,0.0,0,csv_benign
23,3.555533151426996,0.5217391304347826,0.30434782608695654,0.0,0.0,15,3.0565647621309537,0,0.8,0,0,0.0,0.0,0,0,0.0,0.0,0,0,0.0,2.0609248405434794e-05,0.0,0.0,0.0,0.0,1.0,1.0,0.0,1688.0,0.0,0,csv_benign
23,3.2405282602167116,0.5217391304347826,0.30434782608695654,0.0,0.0,15,2.573557262275185,0,0.8,0,0,0.0,0.0,0,0,0.0,0.0,0,0,0.0,2.0609248405434794e-05,0.0,0.0,0.0,0.0,1.0,1.0,0.0,1688.0,0.0,0,csv_benign
17,3.6901165175936654,0.23529411764705882,0.29411764705882354,0.0,0.0,9,3.169925001442312,0,0.4444444444444444,0,0,0.0,1.0,0,0,0.0,0.0,0,0,0.0,0.0,-1.0,0.0,0.0,0.0,1.0,1.0,0.0,0.0,0.0,0,csv_benign
17,3.6901165175936654,0.23529411764705882,0.29411764705882354,0.0,0.0,9,3.169925001442312,0,0.4444444444444444,0,0,0.0,1.0,0,0,0.0,0.0,0,0,0.0,0.0,-1.0,0.0,0.0,0.0,1.0,1.0,0.0,0.0,0.0,0,csv_benign
26,3.7381493331928657,0.6538461538461539,0.19230769230769232,0.0,0.0,18,3.155221528859512,1,0.9444444444444444,0,0,0.0,0.0,0,0,0.0,0.0,0,0,0.0,0.0,0.0,0.0,0.0,0.0,1.0,1.0,0.0,0.0,0.0,0,csv_benign
26,3.719294525666979,0.6538461538461539,0.19230769230769232,0.0,0.0,18,3.127986806877675,1,0.9444444444444444,0,0,0.0,0.0,0,0,0.0,0.0,0,0,0.0,0.0,0.0,0.0,0.0,0.0,1.0,1.0,0.0,0.0,0.0,0,csv_benign
23,3.6424896731661263,0.5217391304347826,0.30434782608695654,0.0,0.0,15,3.1898980954642875,0,0.8,0,0,0.0,0.0,0,0,0.0,0.0,0,0,0.0,2.149933421192002e-05,0.0,0.0,0.0,0.0,1.0,1.0,0.0,0.0,0.0,0,csv_benign
23,3.555533151426996,0.5217391304347826,0.30434782608695654,0.0,0.0,15,3.0565647621309537,0,0.8,0,0,0.0,0.0,0,0,0.0,0.0,0,0,0.0,2.3502766923953312e-05,0.0,0.0,0.0,0.0,1.0,1.0,0.0,0.0,0.0,0,csv_benign
23,3.522711955680758,0.5217391304347826,0.30434782608695654,0.0,0.0,15,3.0062389286533895,0,0.8,0,0,0.0,0.0,0,0,0.0,0.0,0,0,0.0,2.3502766923953312e-05,0.0,0.0,0.0,0.0,1.0,1.0,0.0,0.0,0.0,0,csv_benign
17,3.572469458770136,0.23529411764705882,0.29411764705882354,0.0,0.0,9,2.94770277922009,0,0.4444444444444444,0,0,0.0,1.0,0,0,0.0,0.0,0,0,0.0,0.0,0.0,0.0,0.0,0.0,1.0,1.0,0.0,0.0,0.0,0,csv_benign
23,3.3816201079487347,0.5217391304347826,0.30434782608695654,0.0,0.0,15,2.7898980954642867,0,0.8,0,0,0.0,0.0,0,0,0.0,0.0,0,0,0.0,3.151977238210769e-05,-1.0,0.0,0.0,0.0,1.0,1.0,0.0,0.0,0.0,0,csv_benign
23,3.3816201079487347,0.5217391304347826,0.30434782608695654,0.0,0.0,15,2.789898095464287,0,0.8,0,0,0.0,0.0,0,0,0.0,0.0,0,0,0.0,3.151977238210769e-05,-1.0,0.0,0.0,0.0,1.0,1.0,0.0,0.0,0.0,0,csv_benign
10,2.6464393446710153,0.0,0.4,0.0,0.0,2,1.0,0,0.0,0,0,0.0,0.0,0,0,0.0,0.0,0,0,0.0,0.0,0.0,0.0,0.0,0.0,1.0,1.0,0.0,-1.0,0.0,0,csv_benign
23,3.4029342381953893,0.5217391304347826,0.30434782608695654,0.0,0.0,15,2.822579761842491,0,0.8,0,0,0.0,0.0,0,0,0.0,0.0,0,0,0.0,2.0609248405434794e-05,0.0,0.0,0.0,0.0,1.0,1.0,0.0,0.0,0.0,0,csv_benign
23,3.5883543471732335,0.5217391304347826,0.30434782608695654,0.0,0.0,15,3.106890595608518,0,0.8,0,0,0.0,0.0,0,0,0.0,0.0,0,0,0.0,2.0609248405434794e-05,0.0,0.0,0.0,0.0,1.0,1.0,0.0,0.0,0.0,0,csv_benign
17,3.6901165175936654,0.23529411764705882,0.29411764705882354,0.0,0.0,9,3.169925001442312,0,0.4444444444444444,0,0,0.0,1.0,0,0,0.0,0.0,0,0,0.0,0.0,4.0,0.0,0.0,0.0,1.0,1.0,0.0,0.0,0.0,0,csv_benign
11,2.663532754804255,0.0,0.5454545454545454,0.0,0.0,3,0.9182958340544896,0,0.0,0,0,0.0,1.0,0,0,0.0,0.0,0,0,0.0,0.0,-1.0,0.0,0.0,0.0,1.0,1.0,0.0,0.0,0.0,1,csv_malware
11,2.481714572986073,0.0,0.5454545454545454,0.0,0.0,3,0.9182958340544896,0,0.0,0,0,0.0,0.0,0,0,0.0,0.0,0,0,0.0,0.0,0.0,0.0,0.0,0.0,1.0,1.0,0.0,0.0,0.0,1,csv_malware
11,2.663532754804255,0.0,0.5454545454545454,0.0,0.0,3,0.9182958340544896,0,0.0,0,0,0.0,0.0,0,0,0.0,0.0,0,0,0.0,0.0,0.0,0.0,0.0,0.0,1.0,1.0,0.0,0.0,0.0,1,csv_malware
18,3.5724312513221195,0.0,0.5,0.0,0.0,10,2.9219280948873623,1,0.0,0,0,0.0,1.0,0,0,0.0,0.0,0,0,0.0,0.0,0.0,0.0,0.0,0.0,1.0,1.0,0.0,0.0,0.0,1,csv_malware
12,2.6258145836939115,0.0,0.5833333333333334,0.0,0.0,4,1.5,0,0.0,0,0,0.0,0.0,0,0,0.0,0.0,0,0,0.0,0.0,0.0,0.0,0.0,0.0,1.0,1.0,0.0,0.0,0.0,1,csv_malware
11,2.663532754804255,0.0,0.5454545454545454,0.0,0.0,3,0.9182958340544896,0,0.0,0,0,0.0,0.0,0,0,0.0,0.0,0,0,0.0,0.0,0.0,0.0,0.0,0.0,1.0,1.0,0.0,0.0,0.0,1,csv_malware
11,2.663532754804255,0.0,0.5454545454545454,0.0,0.0,3,0.9182958340544896,0,0.0,0,0,0.0,0.0,0,0,0.0,0.0,0,0,0.0,0.0,-1.0,0.0,0.0,0.0,1.0,1.0,0.0,0.0,0.0,1,csv_malware
9,2.4193819456463714,0.1111111111111111,0.4444444444444444,0.0,0.0,1,0.0,0,1.0,0,0,0.0,0.0,0,0,0.0,0.0,0,0,0.0,0.0,0.0,0.0,0.0,0.0,1.0,1.0,0.0,0.0,0.0,1,csv_malware
11,2.663532754804255,0.09090909090909091,0.5454545454545454,0.0,0.0,3,0.9182958340544896,0,0.3333333333333333,0,0,0.0,0.0,0,0,0.0,0.0,0,0,0.0,0.0,0.0,0.0,0.0,0.0,1.0,1.0,0.0,0.0,0.0,1,csv_malware
11,2.663532754804255,0.0,0.5454545454545454,0.0,0.0,3,0.9182958340544896,0,0.0,0,0,0.0,0.0,0,0,0.0,0.0,0,0,0.0,0.0,0.0,0.0,0.0,0.0,1.0,1.0,0.0,0.0,0.0,1,csv_malware
11,2.845350936622437,0.18181818181818182,0.45454545454545453,0.0,0.0,3,1.584962500721156,0,0.6666666666666666,0,0,0.0,0.0,0,0,0.0,0.0,0,0,0.0,6.944444444444444e-05,0.0,0.0,0.0,0.0,0.0,1.0,0.0,0.0,0.0,1,csv_malware
11,2.663532754804255,0.0,0.5454545454545454,0.0,0.0,3,0.9182958340544896,0,0.0,0,0,0.0,1.0,0,0,0.0,0.0,0,0,0.0,0.0,0.0,0.0,0.0,0.0,1.0,1.0,0.0,0.0,0.0,1,csv_malware
28,3.8423709931771093,0.0,0.32142857142857145,0.0,0.0,20,3.546439344671015,2,0.0,0,0,0.0,1.0,0,0,0.0,0.0,0,0,0.0,0.0,0.0,0.0,0.0,0.0,0.0,1.0,0.0,0.0,0.0,1,csv_malware
12,2.8553885422075336,0.0,0.5833333333333334,0.0,0.0,4,1.5,0,0.0,0,0,0.0,0.0,0,0,0.0,0.0,0,0,0.0,0.0,0.0,0.0,0.0,0.0,1.0,1.0,0.0,0.0,0.0,1,csv_malware
11,2.663532754804255,0.0,0.5454545454545454,0.0,0.0,3,0.9182958340544896,0,0.0,0,0,0.0,0.0,0,0,0.0,0.0,0,0,0.0,0.0,0.0,0.0,0.0,0.0,1.0,1.0,0.0,0.0,0.0,1,csv_malware
12,2.6258145836939115,0.0,0.5833333333333334,0.0,0.0,4,1.5,0,0.0,0,0,0.0,0.0,0,0,0.0,0.0,0,0,0.0,0.0,0.0,0.0,0.0,0.0,1.0,1.0,0.0,0.0,0.0,1,csv_malware
12,2.8553885422075336,0.0,0.5833333333333334,0.0,0.0,4,1.5,0,0.0,0,0,0.0,0.0,0,0,0.0,0.0,0,0,0.0,0.0,0.0,0.0,0.0,0.0,1.0,1.0,0.0,0.0,0.0,1,csv_malware
11,2.663532754804255,0.0,0.5454545454545454,0.0,0.0,3,0.9182958340544896,0,0.0,0,0,0.0,1.0,0,0,0.0,0.0,0,0,0.0,0.0,-1.0,0.0,0.0,0.0,1.0,1.0,0.0,0.0,0.0,1,csv_malware
11,2.481714572986073,0.0,0.5454545454545454,0.0,0.0,3,0.9182958340544896,0,0.0,0,0,0.0,0.0,0,0,0.0,0.0,0,0,0.0,0.0,0.0,0.0,0.0,0.0,0.0,1.0,0.0,0.0,0.0,1,csv_malware
11,2.663532754804255,0.0,0.5454545454545454,0.0,0.0,3,0.9182958340544896,0,0.0,0,0,0.0,0.0,0,0,0.0,0.0,0,0,0.0,0.0,0.0,0.0,0.0,0.0,1.0,1.0,0.0,0.0,0.0,1,csv_malware
11,2.663532754804255,0.0,0.5454545454545454,0.0,0.0,3,0.9182958340544896,0,0.0,0,0,0.0,0.0,0,0,0.0,0.0,0,0,0.0,0.0,-1.0,0.0,0.0,0.0,1.0,1.0,0.0,0.0,0.0,1,csv_malware
12,3.0220552088742,0.16666666666666666,0.5,0.0,0.0,4,2.0,0,0.5,0,0,0.0,0.0,0,0,0.0,0.0,0,0,0.0,0.0,0.0,0.0,0.0,0.0,0.0,1.0,0.0,0.0,0.0,1,csv_malware
12,2.8553885422075336,0.0,0.5833333333333334,0.0,0.0,4,1.5,0,0.0,0,0,0.0,0.0,0,0,0.0,0.0,0,0,0.0,0.0,0.0,0.0,0.0,0.0,1.0,1.0,0.0,0.0,0.0,1,csv_malware
11,2.663532754804255,0.0,0.5454545454545454,0.0,0.0,3,0.9182958340544896,0,0.0,0,0,0.0,0.0,0,0,0.0,0.0,0,0,0.0,0.0,-1.0,0.0,0.0,0.0,1.0,1.0,0.0,0.0,0.0,1,csv_malware
12,2.8553885422075336,0.0,0.5833333333333334,0.0,0.0,4,1.5,0,0.0,0,0,0.0,0.0,0,0,0.0,0.0,0,0,0.0,0.0,0.0,0.0,0.0,0.0,1.0,1.0,0.0,0.0,0.0,1,csv_malware
11,2.663532754804255,0.0,0.5454545454545454,0.0,0.0,3,0.9182958340544896,0,0.0,0,0,0.0,0.0,0,0,0.0,0.0,0,0,0.0,0.0,-1.0,0.0,0.0,0.0,1.0,1.0,0.0,0.0,0.0,1,csv_malware
11,2.4130884364257574,0.0,0.5454545454545454,0.0,0.0,3,0.9182958340544896,0,0.0,0,0,0.0,0.0,0,0,0.0,0.0,0,0,0.0,0.0,0.0,0.0,0.0,0.0,1.0,1.0,0.0,0.0,0.0,1,csv_malware
24,3.8035088547976788,0.0,0.375,0.0,0.0,16,3.5,1,0.0,0,0,0.0,1.0,0,0,0.0,0.0,0,0,0.0,0.0,0.0,0.0,0.0,0.0,1.0,1.0,0.0,0.0,0.0,1,csv_malware
11,2.663532754804255,0.0,0.5454545454545454,0.0,0.0,3,0.9182958340544896,0,0.0,0,0,0.0,1.0,0,0,0.0,0.0,0,0,0.0,0.0,0.0,0.0,0.0,0.0,1.0,1.0,0.0,0.0,0.0,1,csv_malware
11,2.663532754804255,0.0,0.5454545454545454,0.0,0.0,3,0.9182958340544896,0,0.0,0,0,0.0,0.0,0,0,0.0,0.0,0,0,0.0,0.0,0.0,0.0,0.0,0.0,1.0,1.0,0.0,0.0,0.0,1,csv_malware
11,2.845350936622437,0.18181818181818182,0.45454545454545453,0.0,0.0,3,1.584962500721156,0,0.6666666666666666,0,0,0.0,0.0,0,0,0.0,0.0,0,0,0.0,6.944444444444444e-05,0.0,0.0,0.0,0.0,0.0,1.0,0.0,0.0,0.0,1,csv_malware
12,2.8553885422075336,0.0,0.5833333333333334,0.0,0.0,4,1.5,0,0.0,0,0,0.0,0.0,0,0,0.0,0.0,0,0,0.0,0.0,0.0,0.0,0.0,0.0,1.0,1.0,0.0,0.0,0.0,1,csv_malware
11,2.663532754804255,0.0,0.5454545454545454,0.0,0.0,3,0.9182958340544896,0,0.0,0,0,0.0,1.0,0,0,0.0,0.0,0,0,0.0,0.0,0.0,0.0,0.0,0.0,1.0,1.0,0.0,0.0,0.0,1,csv_malware
9,2.4193819456463714,0.1111111111111111,0.4444444444444444,0.0,0.0,1,0.0,0,1.0,0,0,0.0,0.0,0,0,0.0,0.0,0,0,0.0,0.0,0.0,0.0,0.0,0.0,1.0,1.0,0.0,0.0,0.0,1,csv_malware
12,2.8553885422075336,0.08333333333333333,0.5833333333333334,0.0,0.0,4,1.5,0,0.25,0,0,0.0,0.0,0,0,0.0,0.0,0,0,0.0,0.0,0.0,0.0,0.0,0.0,1.0,1.0,0.0,0.0,0.0,1,csv_malware
12,2.688721875540867,0.0,0.5833333333333334,0.0,0.0,4,1.5,0,0.0,0,0,0.0,0.0,0,0,0.0,0.0,0,0,0.0,0.0,-1.0,0.0,0.0,0.0,1.0,1.0,0.0,0.0,0.0,1,csv_malware
17,3.572469458770136,0.0,0.47058823529411764,0.0,0.0,9,2.94770277922009,1,0.0,0,0,0.0,1.0,0,0,0.0,0.0,0,0,0.0,0.0,0.0,0.0,0.0,0.0,0.0,1.0,0.0,0.0,0.0,1,csv_malware
12,2.8553885422075336,0.0,0.5833333333333334,0.0,0.0,4,1.5,0,0.0,0,0,0.0,0.0,0,0,0.0,0.0,0,0,0.0,0.0,0.0,0.0,0.0,0.0,1.0,1.0,0.0,0.0,0.0,1,csv_malware
12,2.8553885422075336,0.0,0.5833333333333334,0.0,0.0,4,1.5,0,0.0,0,0,0.0,0.0,0,0,0.0,0.0,0,0,0.0,0.0,-1.0,0.0,0.0,0.0,1.0,1.0,0.0,0.0,0.0,1,csv_malware
12,2.688721875540867,0.0,0.5833333333333334,0.0,0.0,4,1.5,0,0.0,0,0,0.0,0.0,0,0,0.0,0.0,0,0,0.0,0.0,0.0,0.0,0.0,0.0,1.0,1.0,0.0,0.0,0.0,1,csv_malware
9,2.4193819456463714,0.1111111111111111,0.4444444444444444,0.0,0.0,1,0.0,0,1.0,0,0,0.0,0.0,0,0,0.0,0.0,0,0,0.0,0.0,0.0,0.0,0.0,0.0,1.0,1.0,0.0,0.0,0.0,1,csv_malware
12,2.8553885422075336,0.0,0.5833333333333334,0.0,0.0,4,1.5,0,0.0,0,0,0.0,0.0,0,0,0.0,0.0,0,0,0.0,0.0,0.0,0.0,0.0,0.0,1.0,1.0,0.0,0.0,0.0,1,csv_malware
10,2.6464393446710153,0.2,0.4,0.0,0.0,2,1.0,0,1.0,0,0,0.0,0.0,0,0,0.0,0.0,0,0,0.0,0.0,0.0,0.0,0.0,0.0,1.0,0.0,0.0,0.0,0.0,1,csv_malware
12,2.8553885422075336,0.0,0.5833333333333334,0.0,0.0,4,1.5,0,0.0,0,0,0.0,1.0,0,0,0.0,0.0,0,0,0.0,0.0,0.0,0.0,0.0,0.0,1.0,1.0,0.0,0.0,0.0,1,csv_malware
11,2.663532754804255,0.0,0.6363636363636364,0.0,0.0,3,0.9182958340544896,0,0.0,1,0,0.0,0.0,0,0,0.0,0.0,0,0,0.0,0.0,-1.0,0.0,0.0,0.0,1.0,1.0,0.0,0.0,0.0,1,csv_malware
12,2.8553885422075336,0.0,0.5833333333333334,0.0,0.0,4,1.5,0,0.0,0,0,0.0,0.0,0,0,0.0,0.0,0,0,0.0,0.0,0.0,0.0,0.0,0.0,1.0,1.0,0.0,0.0,0.0,1,csv_malware
12,2.8553885422075336,0.0,0.5833333333333334,0.0,0.0,4,1.5,0,0.0,0,0,0.0,0.0,0,0,0.0,0.0,0,0,0.0,0.0,0.0,0.0,0.0,0.0,1.0,1.0,0.0,0.0,0.0,1,csv_malware
37,4.075016380465786,0.0,0.35135135135135137,0.0,0.0,25,4.1834651896016455,1,0.0,0,0,0.0,1.0,0,0,0.0,0.0,0,0,0.0,-1.1574074074074073e-05,0.0,0.0,0.0,0.0,0.0,0.0,0.0,0.0,0.0,1,csv_malware
28,4.0836169753972325,0.0,0.35714285714285715,0.0,0.0,20,3.7841837197791883,2,0.0,0,0,0.0,1.0,0,0,0.0,0.0,0,0,0.0,0.0,0.0,0.0,0.0,0.0,1.0,1.0,0.0,0.0,0.0,1,csv_malware
12,2.8553885422075336,0.0,0.5833333333333334,0.0,0.0,4,1.5,0,0.0,0,0,0.0,0.0,0,0,0.0,0.0,0,0,0.0,0.0,0.0,0.0,0.0,0.0,1.0,1.0,0.0,0.0,0.0,1,csv_malware
11,2.663532754804255,0.0,0.5454545454545454,0.0,0.0,3,0.9182958340544896,0,0.0,0,0,0.0,0.0,0,0,0.0,0.0,0,0,0.0,0.0,-1.0,0.0,0.0,0.0,1.0,1.0,0.0,0.0,0.0,1,csv_malware
12,2.8553885422075336,0.0,0.5833333333333334,0.0,0.0,4,1.5,0,0.0,0,0,0.0,1.0,0,0,0.0,0.0,0,0,0.0,0.0,653732.0,0.0,0.0,0.0,1.0,1.0,0.0,0.0,0.0,1,csv_malware
12,2.688721875540867,0.0,0.5,0.0,0.0,4,1.5,0,0.0,0,0,0.0,1.0,0,0,0.0,0.0,0,0,0.0,0.0,0.0,0.0,0.0,0.0,1.0,1.0,0.0,0.0,0.0,1,csv_malware
11,2.663532754804255,0.0,0.5454545454545454,0.0,0.0,3,0.9182958340544896,0,0.0,0,0,0.0,0.0,0,0,0.0,0.0,0,0,0.0,0.0,0.0,0.0,0.0,0.0,1.0,1.0,0.0,0.0,0.0,1,csv_malware
12,2.8553885422075336,0.08333333333333333,0.5833333333333334,0.0,0.0,4,1.5,0,0.25,0,0,0.0,0.0,0,0,0.0,0.0,0,0,0.0,0.0,0.0,0.0,0.0,0.0,1.0,0.0,0.0,0.0,0.0,1,csv_malware
26,4.026986833359286,0.0,0.34615384615384615,0.0,0.0,18,3.5724312513221195,2,0.0,0,0,0.0,1.0,0,0,0.0,0.0,0,0,0.0,0.0,0.0,0.0,0.0,0.0,0.0,1.0,0.0,0.0,0.0,1,csv_malware
12,2.8553885422075336,0.0,0.5833333333333334,0.0,0.0,4,1.5,0,0.0,0,0,0.0,0.0,0,0,0.0,0.0,0,0,0.0,0.0,0.0,0.0,0.0,0.0,1.0,1.0,0.0,0.0,0.0,1,csv_malware
11,2.663532754804255,0.0,0.5454545454545454,0.0,0.0,3,0.9182958340544896,0,0.0,0,0,0.0,0.0,0,0,0.0,0.0,0,0,0.0,0.0,0.0,0.0,0.0,0.0,1.0,1.0,0.0,0.0,0.0,1,csv_malware
12,2.8553885422075336,0.0,0.5833333333333334,0.0,0.0,4,1.5,0,0.0,0,0,0.0,1.0,0,0,0.0,0.0,0,0,0.0,0.0,0.0,0.0,0.0,0.0,1.0,1.0,0.0,0.0,0.0,1,csv_malware
10,2.6464393446710153,0.0,0.4,0.0,0.0,2,1.0,0,0.0,0,0,0.0,1.0,0,0,0.0,0.0,0,0,0.0,0.0,0.0,0.0,0.0,0.0,0.0,1.0,0.0,0.0,0.0,1,csv_malware
24,3.9387218755408675,0.0,0.3333333333333333,0.0,0.0,16,3.577819531114783,1,0.0,0,0,0.0,1.0,0,0,0.0,0.0,0,0,0.0,0.0,0.0,0.0,0.0,0.0,0.0,1.0,0.0,0.0,0.0,1,csv_malware
12,2.8553885422075336,0.0,0.5833333333333334,0.0,0.0,4,1.5,0,0.0,0,0,0.0,0.0,0,0,0.0,0.0,0,0,0.0,0.0,0.0,0.0,0.0,0.0,1.0,1.0,0.0,0.0,0.0,1,csv_malware
26,3.921029621737614,0.0,0.34615384615384615,0.0,0.0,18,3.6835423624332306,1,0.0,0,0,0.0,1.0,0,0,0.0,0.0,0,0,0.0,0.0,0.0,0.0,0.0,0.0,0.0,1.0,0.0,0.0,0.0,1,csv_malware
11,2.663532754804255,0.09090909090909091,0.5454545454545454,0.0,0.0,3,0.9182958340544896,0,0.3333333333333333,0,0,0.0,0.0,0,0,0.0,0.0,0,0,0.0,0.0,0.0,0.0,0.0,0.0,1.0,1.0,0.0,0.0,0.0,1,csv_malware
11,2.5949066182439395,0.0,0.36363636363636365,0.0,0.0,3,1.584962500721156,0,0.0,0,0,0.0,1.0,0,0,0.0,0.0,0,0,0.0,0.0,0.0,0.0,0.0,0.0,0.0,1.0,0.0,0.0,0.0,1,csv_malware
12,2.8553885422075336,0.0,0.5833333333333334,0.0,0.0,4,1.5,0,0.0,0,0,0.0,0.0,0,0,0.0,0.0,0,0,0.0,0.0,0.0,0.0,0.0,0.0,1.0,1.0,0.0,0.0,0.0,1,csv_malware
12,2.8553885422075336,0.0,0.5833333333333334,0.0,0.0,4,1.5,0,0.0,0,0,0.0,0.0,0,0,0.0,0.0,0,0,0.0,0.0,0.0,0.0,0.0,0.0,1.0,1.0,0.0,0.0,0.0,1,csv_malware
12,2.8553885422075336,0.0,0.5833333333333334,0.0,0.0,4,1.5,0,0.0,0,0,0.0,0.0,0,0,0.0,0.0,0,0,0.0,0.0,-1.0,0.0,0.0,0.0,1.0,1.0,0.0,0.0,0.0,1,csv_malware
25,3.8634651896016465,0.0,0.36,0.0,0.0,17,3.4548223999466066,1,0.0,0,0,0.0,1.0,0,0,0.0,0.0,0,0,0.0,0.0,0.0,0.0,0.0,0.0,0.0,1.0,0.0,0.0,0.0,1,csv_malware
13,3.0269868333592873,0.0,0.3076923076923077,0.0,0.0,5,2.321928094887362,0,0.0,0,0,0.0,1.0,0,0,0.0,0.0,0,0,0.0,0.0,0.0,0.0,0.0,0.0,1.0,1.0,0.0,0.0,0.0,1,csv_malware
12,2.8553885422075336,0.0,0.5833333333333334,0.0,0.0,4,1.5,0,0.0,0,0,0.0,0.0,0,0,0.0,0.0,0,0,0.0,0.0,0.0,0.0,0.0,0.0,1.0,1.0,0.0,0.0,0.0,1,csv_malware
26,4.026986833359286,0.0,0.3076923076923077,0.0,0.0,18,3.7254805569978675,1,0.0,0,0,0.0,1.0,0,0,0.0,0.0,0,0,0.0,0.0,0.0,0.0,0.0,0.0,0.0,1.0,0.0,0.0,0.0,1,csv_malware
11,2.663532754804255,0.09090909090909091,0.5454545454545454,0.0,0.0,3,0.9182958340544896,0,0.3333333333333333,0,0,0.0,0.0,0,0,0.0,0.0,0,0,0.0,0.0,0.0,0.0,0.0,0.0,1.0,1.0,0.0,0.0,0.0,1,csv_malware
20,3.408694969562842,0.0,0.4,0.0,0.0,12,2.625814583693911,0,0.0,0,0,0.0,1.0,0,0,0.0,0.0,0,0,0.0,0.0,0.0,0.0,0.0,0.0,0.0,0.0,0.0,0.0,0.0,1,csv_malware
10,2.4464393446710155,0.0,0.4,0.0,0.0,2,1.0,0,0.0,0,0,0.0,0.0,0,0,0.0,0.0,0,0,0.0,0.0,0.0,0.0,0.0,0.0,0.0,1.0,0.0,0.0,0.0,1,csv_malware
10,2.6464393446710153,0.0,0.4,0.0,0.0,2,1.0,0,0.0,0,0,0.0,1.0,0,0,0.0,0.0,0,0,0.0,0.0,0.0,0.0,0.0,0.0,0.0,1.0,0.0,0.0,0.0,1,csv_malware
10,2.6464393446710153,0.0,0.4,0.0,0.0,2,1.0,0,0.0,0,0,0.0,1.0,0,0,0.0,0.0,0,0,0.0,0.0,0.0,0.0,0.0,0.0,0.0,1.0,0.0,0.0,0.0,1,csv_malware
34,3.914689224164244,0.0,0.3235294117647059,0.0,0.0,26,3.6133373140453067,1,0.0,2,0,0.0,1.0,0,0,0.0,0.0,0,0,0.0,0.0,0.0,0.0,0.0,0.0,1.0,1.0,0.0,0.0,0.0,1,csv_malware
11,2.663532754804255,0.0,0.5454545454545454,0.0,0.0,3,0.9182958340544896,0,0.0,0,0,0.0,0.0,0,0,0.0,0.0,0,0,0.0,0.0,0.0,0.0,0.0,0.0,1.0,1.0,0.0,0.0,0.0,1,csv_malware
12,3.0220552088742,0.16666666666666666,0.5,0.0,0.0,4,2.0,0,0.5,0,0,0.0,0.0,0,0,0.0,0.0,0,0,0.0,0.0,0.0,0.0,0.0,0.0,0.0,1.0,0.0,0.0,0.0,1,csv_malware
11,2.663532754804255,0.09090909090909091,0.5454545454545454,0.0,0.0,3,0.9182958340544896,0,0.3333333333333333,0,0,0.0,0.0,0,0,0.0,0.0,0,0,0.0,0.0,0.0,0.0,1.0,0.0,1.0,1.0,0.0,0.0,0.0,1,csv_malware
11,2.663532754804255,0.0,0.5454545454545454,0.0,0.0,3,0.9182958340544896,0,0.0,0,0,0.0,0.0,0,0,0.0,0.0,0,0,0.0,0.0,0.0,0.0,0.0,0.0,1.0,1.0,0.0,0.0,0.0,1,csv_malware
23,3.849223912390625,0.0,0.34782608695652173,0.0,0.0,15,3.3232314287976203,1,0.0,0,0,0.0,1.0,0,0,0.0,0.0,0,0,0.0,0.0,0.0,0.0,0.0,0.0,0.0,1.0,0.0,0.0,0.0,1,csv_malware
10,2.6464393446710153,0.2,0.4,0.0,0.0,2,1.0,0,1.0,0,0,0.0,0.0,0,0,0.0,0.0,0,0,0.0,0.0,9.090909090909092,0.0,0.0,0.0,0.0,1.0,0.0,0.0,0.0,1,csv_malware
17,3.2927701939369904,0.0,0.47058823529411764,0.0,0.0,9,2.4193819456463714,1,0.0,0,0,0.0,1.0,0,0,0.0,0.0,0,0,0.0,0.0,0.0,0.0,0.0,0.0,0.0,1.0,0.0,0.0,0.0,1,csv_malware
12,2.8553885422075336,0.0,0.5833333333333334,0.0,0.0,4,1.5,0,0.0,0,0,0.0,0.0,0,0,0.0,0.0,0,0,0.0,0.0,-1.0,0.0,0.0,0.0,1.0,1.0,0.0,0.0,0.0,1,csv_malware
12,2.8553885422075336,0.0,0.5833333333333334,0.0,0.0,4,1.5,0,0.0,0,0,0.0,1.0,0,0,0.0,0.0,0,0,0.0,0.0,0.0,0.0,0.0,0.0,1.0,1.0,0.0,0.0,0.0,1,csv_malware
27,3.708048150071232,0.0,0.2962962962962963,0.0,0.0,19,3.366091329119191,1,0.0,0,0,0.0,1.0,0,0,0.0,0.0,0,0,0.0,0.0,0.0,0.0,0.0,0.0,0.0,1.0,0.0,0.0,0.0,1,csv_malware
18,3.4613201402110083,0.0,0.4444444444444444,0.0,0.0,10,3.121928094887362,1,0.0,0,0,0.0,1.0,0,0,0.0,0.0,0,0,0.0,0.0,0.0,0.0,0.0,0.0,0.0,1.0,0.0,0.0,0.0,1,csv_malware
12,2.8553885422075336,0.0,0.5833333333333334,0.0,0.0,4,1.5,0,0.0,0,0,0.0,0.0,0,0,0.0,0.0,0,0,0.0,0.0,0.0,0.0,0.0,0.0,1.0,1.0,0.0,0.0,0.0,1,csv_malware
16,3.2806390622295662,0.0,0.5625,0.0,0.0,8,2.75,1,0.0,0,0,0.0,1.0,0,0,0.0,0.0,0,0,0.0,0.0,0.0,0.0,0.0,0.0,1.0,1.0,0.0,0.0,0.0,1,csv_malware
23,3.849223912390625,0.0,0.34782608695652173,0.0,0.0,15,3.32323142879762,1,0.0,0,0,0.0,1.0,0,0,0.0,0.0,0,0,0.0,0.0,0.0,0.0,0.0,0.0,0.0,1.0,0.0,0.0,0.0,1,csv_malware
24,4.053508854797679,0.0,0.375,0.0,0.0,16,3.625,1,0.0,0,0,0.0,1.0,0,0,0.0,0.0,0,0,0.0,0.0,0.0,0.0,0.0,0.0,0.0,1.0,0.0,0.0,0.0,1,csv_malware
10,2.6464393446710153,0.2,0.4,0.0,0.0,2,1.0,0,1.0,0,0,0.0,0.0,0,0,0.0,0.0,0,0,0.0,0.0,8.695652173913043,0.0,0.0,0.0,0.0,1.0,0.0,0.0,0.0,1,csv_malware
10,2.4464393446710155,0.0,0.4,0.0,0.0,2,1.0,0,0.0,0,0,0.0,1.0,0,0,0.0,0.0,0,0,0.0,0.0,0.0,0.0,0.0,0.0,0.0,1.0,0.0,0.0,0.0,1,csv_malware
12,3.0220552088742,0.16666666666666666,0.5,0.0,0.0,4,2.0,0,0.5,0,0,0.0,0.0,0,0,0.0,0.0,0,0,0.0,0.0,0.0,0.0,0.0,0.0,0.0,1.0,0.0,0.0,0.0,1,csv_malware
11,2.845350936622437,0.18181818181818182,0.45454545454545453,0.0,0.0,3,1.584962500721156,0,0.6666666666666666,0,0,0.0,0.0,0,0,0.0,0.0,0,0,0.0,0.00018518518518518518,0.0,0.0,0.0,0.0,0.0,1.0,0.0,0.0,0.0,1,csv_malware
18,3.6835423624332306,0.0,0.5,0.0,0.0,10,3.121928094887362,1,0.0,0,0,0.0,1.0,0,0,0.0,0.0,0,0,0.0,0.0,0.0,0.0,0.0,0.0,1.0,1.0,0.0,0.0,0.0,1,csv_malware
10,2.6464393446710153,0.2,0.4,0.0,0.0,2,1.0,0,1.0,0,0,0.0,0.0,0,0,0.0,0.0,0,0,0.0,0.0,44.444444444444436,0.0,0.0,0.0,0.0,1.0,0.0,0.0,0.0,1,csv_malware
12,2.8553885422075336,0.0,0.5833333333333334,0.0,0.0,4,1.5,0,0.0,0,0,0.0,0.0,0,0,0.0,0.0,0,0,0.0,0.0,0.0,0.0,0.0,0.0,1.0,1.0,0.0,0.0,0.0,1,csv_malware
12,3.0220552088742,0.0,0.3333333333333333,0.0,0.0,4,2.0,0,0.0,0,0,0.0,1.0,0,0,0.0,0.0,0,0,0.0,0.0,0.0,0.0,0.0,0.0,0.0,1.0,0.0,0.0,0.0,1,csv_malware
9,2.4193819456463714,0.1111111111111111,0.4444444444444444,0.0,0.0,1,0.0,0,1.0,0,0,0.0,0.0,0,0,0.0,0.0,0,0,0.0,0.0,0.0,0.0,0.0,0.0,1.0,0.0,0.0,0.0,0.0,1,csv_malware
11,2.663532754804255,0.0,0.5454545454545454,0.0,0.0,3,0.9182958340544896,0,0.0,0,0,0.0,0.0,0,0,0.0,0.0,0,0,0.0,0.0,0.0,0.0,0.0,0.0,1.0,1.0,0.0,0.0,0.0,1,csv_malware
18,3.4613201402110083,0.0,0.4444444444444444,0.0,0.0,10,2.721928094887362,1,0.0,0,0,0.0,1.0,0,0,0.0,0.0,0,0,0.0,0.0,0.0,0.0,0.0,0.0,0.0,1.0,0.0,0.0,0.0,1,csv_malware
20,3.5841837197791886,0.0,0.45,0.0,0.0,12,3.2516291673878226,1,0.0,0,0,0.0,1.0,0,0,0.0,0.0,0,0,0.0,0.0,26.315789473684212,0.0,0.0,0.0,0.0,1.0,0.0,0.0,0.0,1,csv_malware
12,2.8553885422075336,0.0,0.5833333333333334,0.0,0.0,4,1.5,0,0.0,0,0,0.0,1.0,0,0,0.0,0.0,0,0,0.0,0.0,0.0,0.0,0.0,0.0,1.0,1.0,0.0,0.0,0.0,1,csv_malware
11,2.663532754804255,0.0,0.5454545454545454,0.0,0.0,3,0.9182958340544896,0,0.0,0,0,0.0,0.0,0,0,0.0,0.0,0,0,0.0,0.0,0.0,0.0,0.0,0.0,1.0,1.0,0.0,0.0,0.0,1,csv_malware
10,2.6464393446710153,0.0,0.6,0.0,0.0,2,1.0,0,0.0,0,0,0.0,0.0,0,0,0.0,0.0,0,0,0.0,0.0,0.0,0.0,0.0,0.0,0.0,0.0,0.0,0.0,0.0,1,csv_malware
11,2.663532754804255,0.09090909090909091,0.5454545454545454,0.0,0.0,3,0.9182958340544896,0,0.3333333333333333,0,0,0.0,0.0,0,0,0.0,0.0,0,0,0.0,0.0,0.0,0.0,1.0,0.0,1.0,1.0,0.0,0.0,0.0,1,csv_malware
24,3.9387218755408675,0.0,0.3333333333333333,0.0,0.0,16,3.625,1,0.0,0,0,0.0,1.0,0,0,0.0,0.0,0,0,0.0,0.0,0.0,0.0,0.0,0.0,0.0,1.0,0.0,0.0,0.0,1,csv_malware
12,2.8553885422075336,0.08333333333333333,0.5833333333333334,0.0,0.0,4,1.5,0,0.25,0,0,0.0,0.0,0,0,0.0,0.0,0,0,0.0,0.0,-1.0,0.0,0.0,0.0,1.0,0.0,0.0,0.0,0.0,1,csv_malware
11,2.663532754804255,0.09090909090909091,0.5454545454545454,0.0,0.0,3,0.9182958340544896,0,0.3333333333333333,0,0,0.0,0.0,0,0,0.0,0.0,0,0,0.0,0.0,0.0,0.0,0.0,0.0,1.0,1.0,0.0,0.0,0.0,1,csv_malware
12,2.8553885422075336,0.0,0.5833333333333334,0.0,0.0,4,1.5,0,0.0,0,0,0.0,0.0,0,0,0.0,0.0,0,0,0.0,0.0,-1.0,0.0,0.0,0.0,1.0,1.0,0.0,0.0,0.0,1,csv_malware
12,2.8553885422075336,0.0,0.5833333333333334,0.0,0.0,4,1.5,0,0.0,0,0,0.0,0.0,0,0,0.0,0.0,0,0,0.0,0.0,0.0,0.0,0.0,0.0,1.0,1.0,0.0,0.0,0.0,1,csv_malware
12,2.8553885422075336,0.25,0.4166666666666667,0.0,0.0,4,1.5,0,0.75,0,0,0.0,0.0,0,0,0.0,0.0,0,0,0.0,0.00010416666666666667,0.0,0.0,0.0,0.0,0.0,0.0,0.0,0.0,0.0,1,csv_malware
11,2.663532754804255,0.09090909090909091,0.5454545454545454,0.0,0.0,3,0.9182958340544896,0,0.3333333333333333,0,0,0.0,0.0,0,0,0.0,0.0,0,0,0.0,0.0,-1.0,0.0,0.0,0.0,1.0,1.0,0.0,0.0,0.0,1,csv_malware
12,2.8553885422075336,0.0,0.5833333333333334,0.0,0.0,4,1.5,0,0.0,0,0,0.0,0.0,0,0,0.0,0.0,0,0,0.0,0.0,0.0,0.0,0.0,0.0,1.0,1.0,0.0,0.0,0.0,1,csv_malware
12,2.8553885422075336,0.0,0.5833333333333334,0.0,0.0,4,1.5,0,0.0,0,0,0.0,0.0,0,0,0.0,0.0,0,0,0.0,0.0,0.0,0.0,0.0,0.0,1.0,1.0,0.0,0.0,0.0,1,csv_malware
11,2.663532754804255,0.09090909090909091,0.5454545454545454,0.0,0.0,3,0.9182958340544896,0,0.3333333333333333,0,0,0.0,0.0,0,0,0.0,0.0,0,0,0.0,0.0,0.0,0.0,0.0,0.0,1.0,1.0,0.0,0.0,0.0,1,csv_malware
19,3.681880802803402,0.0,0.47368421052631576,0.0,0.0,11,3.095795255000934,1,0.0,0,0,0.0,1.0,0,0,0.0,0.0,0,0,0.0,0.0,0.0,0.0,0.0,0.0,1.0,1.0,0.0,0.0,0.0,1,csv_malware
12,2.8553885422075336,0.0,0.5833333333333334,0.0,0.0,4,1.5,0,0.0,0,0,0.0,0.0,0,0,0.0,0.0,0,0,0.0,0.0,0.0,0.0,0.0,0.0,1.0,1.0,0.0,0.0,0.0,1,csv_malware
12,2.8553885422075336,0.08333333333333333,0.5833333333333334,0.0,0.0,4,1.5,0,0.25,0,0,0.0,0.0,0,0,0.0,0.0,0,0,0.0,0.0,-1.0,0.0,0.0,0.0,1.0,1.0,0.0,0.0,0.0,1,csv_malware
12,2.8553885422075336,0.08333333333333333,0.5833333333333334,0.0,0.0,4,1.5,0,0.25,0,0,0.0,0.0,0,0,0.0,0.0,0,0,0.0,0.0,-1.0,0.0,0.0,0.0,1.0,1.0,0.0,0.0,0.0,1,csv_malware
12,2.8553885422075336,0.0,0.5833333333333334,0.0,0.0,4,1.5,0,0.0,0,0,0.0,1.0,0,0,0.0,0.0,0,0,0.0,0.0,-1.0,0.0,0.0,0.0,1.0,1.0,0.0,0.0,0.0,1,csv_malware
12,2.8553885422075336,0.0,0.5833333333333334,0.0,0.0,4,1.5,0,0.0,0,0,0.0,0.0,0,0,0.0,0.0,0,0,0.0,0.0,0.0,0.0,0.0,0.0,1.0,1.0,0.0,0.0,0.0,1,csv_malware
18,3.6835423624332306,0.05555555555555555,0.5,0.0,0.0,10,3.121928094887362,1,0.1,0,0,0.0,1.0,0,0,0.0,0.0,0,0,0.0,0.0,0.0,0.0,0.0,0.0,1.0,1.0,0.0,0.0,0.0,1,csv_malware
12,2.8553885422075336,0.0,0.5833333333333334,0.0,0.0,4,1.5,0,0.0,0,0,0.0,0.0,0,0,0.0,0.0,0,0,0.0,0.0,-1.0,0.0,0.0,0.0,1.0,1.0,0.0,0.0,0.0,1,csv_malware
12,2.8553885422075336,0.08333333333333333,0.5833333333333334,0.0,0.0,4,1.5,0,0.25,0,0,0.0,0.0,0,0,0.0,0.0,0,0,0.0,0.0,0.0,0.0,0.0,0.0,0.0,1.0,0.0,0.0,0.0,1,csv_malware
12,2.688721875540867,0.0,0.5833333333333334,0.0,0.0,4,1.5,0,0.0,0,0,0.0,0.0,0,0,0.0,0.0,0,0,0.0,0.0,0.0,0.0,0.0,0.0,1.0,1.0,0.0,0.0,0.0,1,csv_malware
12,2.8553885422075336,0.08333333333333333,0.5833333333333334,0.0,0.0,4,1.5,0,0.25,0,0,0.0,0.0,0,0,0.0,0.0,0,0,0.0,0.0,-1.0,0.0,0.0,0.0,1.0,1.0,0.0,0.0,0.0,1,csv_malware
19,3.2866294867861945,0.0,0.47368421052631576,0.0,0.0,11,3.095795255000934,1,0.0,0,0,0.0,1.0,0,0,0.0,0.0,0,0,0.0,0.0,0.0,0.0,0.0,0.0,0.0,1.0,0.0,0.0,0.0,1,csv_malware
28,4.039148671903071,0.0,0.21428571428571427,0.0,0.0,20,3.584183719779189,0,0.0,0,0,0.0,1.0,0,0,0.0,0.0,0,0,0.0,0.0,0.0,0.0,0.0,0.0,1.0,1.0,0.0,0.0,0.0,1,csv_malware
12,2.8553885422075336,0.0,0.5,0.0,0.0,4,1.5,0,0.0,0,0,0.0,1.0,0,0,0.0,0.0,0,0,0.0,0.0,0.0,0.0,0.0,0.0,1.0,1.0,0.0,0.0,0.0,1,csv_malware
12,2.8553885422075336,0.0,0.5833333333333334,0.0,0.0,4,1.5,0,0.0,0,0,0.0,0.0,0,0,0.0,0.0,0,0,0.0,0.0,0.0,0.0,0.0,0.0,1.0,1.0,0.0,0.0,0.0,1,csv_malware
11,2.663532754804255,0.09090909090909091,0.5454545454545454,0.0,0.0,3,0.9182958340544896,0,0.3333333333333333,0,0,0.0,0.0,0,0,0.0,0.0,0,0,0.0,0.0,0.0,0.0,0.0,0.0,1.0,1.0,0.0,0.0,0.0,1,csv_malware
12,2.8553885422075336,0.0,0.5833333333333334,0.0,0.0,4,1.5,0,0.0,0,0,0.0,1.0,0,0,0.0,0.0,0,0,0.0,0.0,-1.0,0.0,0.0,0.0,1.0,1.0,0.0,0.0,0.0,1,csv_malware
25,3.452878689342031,0.64,0.2,0.0,0.0,17,2.7333716642706998,1,0.9411764705882353,0,0,0.0,0.0,0,0,0.0,0.0,0,0,0.0,-1.1574074074074073e-05,0.0,0.0,0.0,0.0,0.0,0.0,0.0,0.0,0.0,1,csv_malware
12,2.8553885422075336,0.08333333333333333,0.5833333333333334,0.0,0.0,4,1.5,0,0.25,0,0,0.0,0.0,0,0,0.0,0.0,0,0,0.0,0.0,0.0,0.0,0.0,0.0,1.0,1.0,0.0,0.0,0.0,1,csv_malware
12,3.0220552088742,0.16666666666666666,0.5,0.0,0.0,4,2.0,0,0.5,0,0,0.0,0.0,0,0,0.0,0.0,0,0,0.0,0.0,0.0,0.0,0.0,0.0,0.0,1.0,0.0,0.0,0.0,1,csv_malware
17,3.4548223999466066,0.0,0.47058823529411764,0.0,0.0,9,2.725480556997868,1,0.0,0,0,0.0,1.0,0,0,0.0,0.0,0,0,0.0,0.0,0.0,0.0,0.0,0.0,0.0,1.0,0.0,0.0,0.0,1,csv_malware
12,2.8553885422075336,0.0,0.5833333333333334,0.0,0.0,4,1.5,0,0.0,0,0,0.0,1.0,0,0,0.0,0.0,0,0,0.0,0.0,0.0,0.0,0.0,0.0,1.0,1.0,0.0,0.0,0.0,1,csv_malware
13,3.0269868333592873,0.0,0.5384615384615384,0.0,0.0,5,1.9219280948873623,0,0.0,0,0,0.0,0.0,0,0,0.0,0.0,0,0,0.0,0.0,0.0,0.0,0.0,0.0,1.0,1.0,0.0,0.0,22.222222222222218,1,csv_malware
33,4.124256907946324,0.0,0.30303030303030304,0.0,0.0,25,3.893660689688185,0,0.0,0,0,0.0,1.0,0,0,0.0,0.0,0,0,0.0,0.0,0.0,0.0,1.0,0.0,1.0,1.0,0.0,0.0,0.0,1,csv_spam
15,3.189898095464287,0.06666666666666667,0.6666666666666666,0.0,0.0,7,2.5216406363433186,0,0.14285714285714285,1,0,0.0,0.0,0,0,0.0,0.0,0,0,0.0,0.0,0.0,0.0,0.0,1.0,1.0,1.0,0.0,0.0,0.0,1,csv_spam
14,3.039148671903071,0.14285714285714285,0.5714285714285714,0.0,0.0,6,2.2516291673878226,0,0.3333333333333333,0,0,0.0,0.0,0,0,0.0,0.0,0,0,0.0,0.0,0.0,0.0,0.0,0.0,1.0,1.0,0.0,0.0,2.4063042189065182,1,csv_spam
15,3.189898095464287,0.06666666666666667,0.6,0.0,0.0,7,2.5216406363433186,0,0.14285714285714285,0,0,0.0,0.0,0,0,0.0,0.0,0,0,0.0,0.0,0.0,0.0,0.0,0.0,1.0,1.0,0.0,0.0,0.0,1,csv_spam
15,3.189898095464287,0.06666666666666667,0.6,0.0,0.0,7,2.5216406363433186,0,0.14285714285714285,0,0,0.0,0.0,0,0,0.0,0.0,0,0,0.0,0.0,0.0,0.0,1.0,0.0,1.0,1.0,0.0,0.0,1.8348756474779464,1,csv_spam
14,3.039148671903071,0.07142857142857142,0.5714285714285714,0.0,0.0,6,2.2516291673878226,0,0.16666666666666666,0,0,0.0,1.0,0,0,0.0,0.0,0,0,0.0,0.0,0.0,0.0,0.0,0.0,0.0,1.0,0.0,0.0,0.0,1,csv_spam
15,3.189898095464287,0.06666666666666667,0.6,0.0,0.0,7,2.5216406363433186,0,0.14285714285714285,0,0,0.0,0.0,0,0,0.0,0.0,0,0,0.0,0.0,0.0,0.0,0.0,0.0,1.0,1.0,0.0,0.0,0.0,1,csv_spam
14,3.039148671903071,0.07142857142857142,0.5714285714285714,0.0,0.0,6,2.2516291673878226,0,0.16666666666666666,0,0,0.0,0.0,0,0,0.0,0.0,0,0,0.0,0.0,23.529411764705877,0.0,0.0,0.0,1.0,1.0,0.0,0.0,0.0,1,csv_spam
15,3.0565647621309537,0.06666666666666667,0.6,0.0,0.0,7,2.5216406363433186,0,0.14285714285714285,0,0,0.0,0.0,0,0,0.0,0.0,0,0,0.0,0.0,0.0,0.0,0.0,0.0,1.0,1.0,0.0,0.0,0.0,1,csv_spam
14,3.039148671903071,0.07142857142857142,0.5714285714285714,0.0,0.0,6,2.2516291673878226,0,0.16666666666666666,0,0,0.0,1.0,0,0,0.0,0.0,0,0,0.0,0.0,0.0,0.0,0.0,0.0,1.0,1.0,0.0,0.0,2.1205899331922318,1,csv_spam
14,3.039148671903071,0.07142857142857142,0.5714285714285714,0.0,0.0,6,2.2516291673878226,0,0.16666666666666666,0,0,0.0,1.0,0,0,0.0,0.0,0,0,0.0,0.0,0.0,0.0,0.0,0.0,1.0,1.0,0.0,0.0,0.0,1,csv_spam
15,3.189898095464287,0.06666666666666667,0.6,0.0,0.0,7,2.5216406363433186,0,0.14285714285714285,0,0,0.0,0.0,0,0,0.0,0.0,0,0,0.0,0.0,0.0,0.0,0.0,0.0,1.0,1.0,0.0,0.0,0.0,1,csv_spam
14,3.039148671903071,0.07142857142857142,0.5714285714285714,0.0,0.0,6,2.2516291673878226,0,0.16666666666666666,0,0,0.0,0.0,0,0,0.0,0.0,0,0,0.0,0.0,0.0,0.0,0.0,0.0,1.0,1.0,0.0,0.0,0.0,1,csv_spam
14,3.039148671903071,0.07142857142857142,0.5714285714285714,0.0,0.0,6,2.2516291673878226,0,0.16666666666666666,0,0,0.0,0.0,0,0,0.0,0.0,0,0,0.0,0.0,0.0,0.0,0.0,0.0,1.0,1.0,0.0,0.0,2.4063042189065182,1,csv_spam
14,3.039148671903071,0.07142857142857142,0.5714285714285714,0.0,0.0,6,2.2516291673878226,0,0.16666666666666666,0,0,0.0,0.0,0,0,0.0,0.0,0,0,0.0,0.0,0.0,0.0,0.0,0.0,1.0,1.0,0.0,0.0,0.0,1,csv_spam
14,3.039148671903071,0.14285714285714285,0.5714285714285714,0.0,0.0,6,2.2516291673878226,0,0.3333333333333333,0,0,0.0,0.0,0,0,0.0,0.0,0,0,0.0,0.0,3.1130978892346173,0.0,0.0,0.0,1.0,1.0,0.0,0.0,0.0,1,csv_spam
14,3.039148671903071,0.07142857142857142,0.5714285714285714,0.0,0.0,6,2.2516291673878226,0,0.16666666666666666,0,0,0.0,1.0,0,0,0.0,0.0,0,0,0.0,0.0,0.0,0.0,0.0,0.0,0.0,1.0,0.0,0.0,0.0,1,csv_spam
14,3.039148671903071,0.07142857142857142,0.5714285714285714,0.0,0.0,6,2.2516291673878226,0,0.16666666666666666,0,0,0.0,0.0,0,0,0.0,0.0,0,0,0.0,0.0,0.0,0.0,0.0,0.0,0.0,1.0,0.0,0.0,0.0,1,csv_spam
15,3.189898095464287,0.06666666666666667,0.6,0.0,0.0,7,2.5216406363433186,0,0.14285714285714285,0,0,0.0,0.0,0,0,0.0,0.0,0,0,0.0,0.0,0.0,0.0,1.0,0.0,1.0,1.0,0.0,0.0,2.1205899331922318,1,csv_spam
15,3.189898095464287,0.13333333333333333,0.6,0.0,0.0,7,2.5216406363433186,0,0.2857142857142857,0,0,0.0,0.0,0,0,0.0,0.0,0,0,0.0,0.0,0.0,0.0,0.0,1.0,1.0,1.0,0.0,0.0,0.0,1,csv_spam
14,3.039148671903071,0.07142857142857142,0.5714285714285714,0.0,0.0,6,2.2516291673878226,0,0.16666666666666666,0,0,0.0,0.0,0,0,0.0,0.0,0,0,0.0,0.0,0.0,0.0,0.0,1.0,1.0,1.0,0.0,0.0,0.0,1,csv_spam
14,2.8962915290459277,0.07142857142857142,0.5714285714285714,0.0,0.0,6,2.2516291673878226,0,0.16666666666666666,0,0,0.0,0.0,0,0,0.0,0.0,0,0,0.0,0.0,0.0,0.0,0.0,0.0,1.0,1.0,0.0,0.0,2.4063042189065182,1,csv_spam
16,3.327819531114783,0.0625,0.625,0.0,0.0,8,2.75,0,0.125,0,0,0.0,0.0,0,0,0.0,0.0,0,0,0.0,0.0,0.0,0.0,0.0,0.0,1.0,1.0,-1.0,2.0,0.0,1,csv_spam
14,3.039148671903071,0.07142857142857142,0.5714285714285714,0.0,0.0,6,2.2516291673878226,0,0.16666666666666666,0,0,0.0,0.0,0,0,0.0,0.0,0,0,0.0,0.0,0.0,0.0,0.0,0.0,1.0,1.0,0.0,0.0,2.4063042189065182,1,csv_spam
14,3.039148671903071,0.07142857142857142,0.5714285714285714,0.0,0.0,6,2.2516291673878226,0,0.16666666666666666,0,0,0.0,0.0,0,0,0.0,0.0,0,0,0.0,0.0,0.0,0.0,0.0,0.0,0.0,1.0,0.0,0.0,0.0,1,csv_spam
15,3.0565647621309537,0.06666666666666667,0.6,0.0,0.0,7,2.5216406363433186,0,0.14285714285714285,0,0,0.0,0.0,0,0,0.0,0.0,0,0,0.0,0.0,0.0,0.0,0.0,0.0,1.0,1.0,0.0,0.0,0.0,1,csv_spam
14,2.8423709931771084,0.07142857142857142,0.5714285714285714,0.0,0.0,6,2.2516291673878226,0,0.16666666666666666,0,0,0.0,0.0,0,0,0.0,0.0,0,0,0.0,0.0,0.0,0.0,0.0,0.0,1.0,1.0,0.0,0.0,2.4063042189065182,1,csv_spam
14,3.039148671903071,0.14285714285714285,0.5714285714285714,0.0,0.0,6,2.2516291673878226,0,0.3333333333333333,0,0,0.0,0.0,0,0,0.0,0.0,0,0,0.0,0.0,0.0,0.0,0.0,0.0,1.0,1.0,0.0,0.0,2.4063042189065182,1,csv_spam
15,3.189898095464287,0.06666666666666667,0.6,0.0,0.0,7,2.5216406363433186,0,0.14285714285714285,0,0,0.0,0.0,0,0,0.0,0.0,0,0,0.0,0.0,0.0,0.0,0.0,0.0,1.0,1.0,0.0,0.0,0.0,1,csv_spam
14,3.039148671903071,0.07142857142857142,0.5714285714285714,0.0,0.0,6,2.2516291673878226,0,0.16666666666666666,0,0,0.0,0.0,0,0,0.0,0.0,0,0,0.0,0.0,0.0,0.0,0.0,0.0,1.0,1.0,0.0,0.0,2.4063042189065182,1,csv_spam
15,3.189898095464287,0.06666666666666667,0.6,0.0,0.0,7,2.5216406363433186,0,0.14285714285714285,0,0,0.0,0.0,0,0,0.0,0.0,0,0,0.0,0.0,0.0,0.0,0.0,0.0,1.0,1.0,0.0,0.0,0.0,1,csv_spam
15,3.189898095464287,0.06666666666666667,0.6,0.0,0.0,7,2.5216406363433186,0,0.14285714285714285,0,0,0.0,1.0,0,0,0.0,0.0,0,0,0.0,0.0,0.0,0.0,0.0,0.0,1.0,1.0,0.0,0.0,0.0,1,csv_spam
14,3.039148671903071,0.07142857142857142,0.5714285714285714,0.0,0.0,6,2.2516291673878226,0,0.16666666666666666,0,0,0.0,1.0,0,0,0.0,0.0,0,0,0.0,0.0,0.0,0.0,0.0,0.0,0.0,1.0,0.0,0.0,0.0,1,csv_spam
14,3.039148671903071,0.07142857142857142,0.5714285714285714,0.0,0.0,6,2.2516291673878226,0,0.16666666666666666,0,0,0.0,0.0,0,0,0.0,0.0,0,0,0.0,0.0,0.0,0.0,0.0,1.0,1.0,0.0,0.0,0.0,0.0,1,csv_spam
